Workbook

Sheet Insights Propostas
A1: Insights executivos — Propostas de Redução
A2: Origem: A.Propostas (103 propostas úteis, analisadas em 28/07/2026) | N2: Status | O2: Qtd. | P2: Potencial | R2: Checagem | S2: Valor
A3: A base monitora oportunidades de redução anual por código de material, planta, fonte/usina e status de avanço com Compras/Usina. O potencial total é R$ 3.380.894,04, com concentração relevante: os 5 maiores itens representam 28,5% do valor e o item líder sozinho representa 6,6%. JARINU concentra 56,0% do potencial total, enquanto S.U é a fonte/usina mais relevante por valor. O gargalo de execução está nas pendências: 16 itens somam R$ 903.321,85 e devem ser tratados antes de novas análises menos relevantes. | N3: SIM | O3: 62 | P3: 2719491.8 | R3: Linhas origem | S3: =COUNTA(A.Propostas!B6:B118) -> 106
N4: NÃO | O4: 37 | P4: 631869.95 | R4: Potencial origem | S4: =SUM(A.Propostas!F6:F118) -> 3426065.6
N5: N/A | O5: 1 | P5: 29532.29 | R5: SIM | S5: =COUNTIF(A.Propostas!Z6:Z118,"SIM") -> 70
N6: KAIZEN PLANO DE CORTE | O6: 3 | P6: 0 | R6: NÃO | S6: =COUNTIF(A.Propostas!Z6:Z118,"NÃO") -> 29
A7: Propostas | B7: Potencial total | C7: Potencial desbloqueável | D7: Top 5 / total | E7: Pendências | F7: Inviáveis | H7: Conclusão inicial | R7: KAIZEN | S7: =COUNTIF(A.Propostas!Z6:Z118,"KAIZEN PLANO DE CORTE") -> 0
A8: =COUNTA(A.Propostas!B6:B118) -> 106 | B8: =SUM(A.Propostas!F6:F118) -> 3426065.6 | C8: {=SUM(A.Propostas!F6:F118)-SUMPRODUCT(A.Propostas!F6:F118,--ISNUMBER(SEARCH("INVIÁVEL",A.Propostas!L6:L118&A.Propostas!AC6:AC118&A.Propostas!AK6:AK118)))} -> 2286855.5 | D8: {=SUM(LARGE(A.Propostas!F6:F118,{1,2,3,4,5}))/SUM(A.Propostas!F6:F118)} -> 0.26266249 | E8: {=SUMPRODUCT(--(MMULT(--ISNUMBER(SEARCH("PENDENTE",A.Propostas!AE6:AI118)),TRANSPOSE(COLUMN(A.Propostas!AE6:AI6)^0))>0))} -> 9 | F8: {=SUMPRODUCT(--ISNUMBER(SEARCH("INVIÁVEL",A.Propostas!L6:L118&A.Propostas!AC6:AC118&A.Propostas!AK6:AK118)))} -> 43 | H8: Atuar primeiro nos itens de maior valor e nos 16 casos pendentes pode acelerar a captura de R$ 903.321,85; a revisão dos 6 inviáveis evita esforço em R$ 438.060,56 com baixa probabilidade de captura.
N9: Planta | O9: Potencial
N10: JARINU | O10: 1894286.5
A11: Principais oportunidades e concentração | H11: Resumo por planta | N11: FERRAZ | O11: 987200.72
A12: Rank | B12: Código | C12: Planta | D12: Fonte | E12: Potencial | F12: % acumulado | H12: Planta | I12: Qtd. | J12: Potencial | K12: % total | L12: Ticket médio | N12: DIADEMA | O12: 499406.86
A13: 1 | B13: BOQ0800IS1200 | C13: FERRAZ | D13: ARCELOR | E13: 223577.79 | F13: 0.066129783 | H13: JARINU | I13: 80 | J13: 1894286.5 | K13: 0.56029158 | L13: 23678.581 | N13: SÃO LEPOLDO | O13: 0
A14: 2 | B14: BOQ1225BA1250 | C14: FERRAZ | D14: USIMINAS | E14: 214301.81 | F14: 0.12951592 | H14: FERRAZ | I14: 12 | J14: 987200.72 | K14: 0.29199398 | L14: 82266.727
A15: 3 | B15: BOQ1175AY1050 | C15: FERRAZ | D15: USIMINAS | E15: 190474.65 | F15: 0.18585446 | H15: DIADEMA | I15: 8 | J15: 499406.86 | K15: 0.14771444 | L15: 62425.857
A16: 4 | B16: SLZ0180SI0366 | C16: JARINU | D16: S.U | E16: 168140.89 | F16: 0.23558714 | H16: SÃO LEPOLDO | I16: 3 | J16: 0 | K16: 0 | L16: 0 | N16: Fonte/usina | O16: Potencial
A17: 5 | B17: BDZ0140SI03120950 | C17: JARINU | D17: GONVARRI | E17: 167489.23 | F17: 0.28512706 | N17: S.U | O17: 1390523.5
A18: 6 | B18: CHZ0180GZ05270841 | C18: DIADEMA | D18: S.U | E18: 128107.04 | F18: 0.32301853 | N18: USIMINAS | O18: 998683.29
A19: 7 | B19: BOQ0975AB1250 | C19: FERRAZ | D19: ARCELOR | E19: 117470.3 | F19: 0.35776386 | N19: ARCELOR | O19: 341048.09
A20: 8 | B20: BOQ0575LA1150 | C20: DIADEMA | D20: DE: USIMINAS PARA: ARCELOR | E20: 115000 | F20: 0.39177853 | N20: GONVARRI | O20: 194339.68
A21: 9 | B21: SLZ0180SI0325 | C21: JARINU | D21: S.U | E21: 113701.83 | F21: 0.42540923 | N21: CSN | O21: 164779.97
A22: 10 | B22: BDZ0140SI05750517 | C22: JARINU | D22: CSN | E22: 113597.52 | F22: 0.45900908 | N22: DE: USIMINAS PARA: ARCELOR | O22: 115000
N23: FERROLENE | O23: 105555.87
N24: VW - SU | O24: 70963.59
A25: Alertas e ações recomendadas | H25: Top fontes/usinas por valor
A26: Tema | B26: Qtd. | C26: Valor associado | D26: Insight / ação | H26: Fonte/usina | I26: Qtd. | J26: Potencial | K26: % total | L26: Ticket médio
A27: Pendências operacionais | B27: 16 | C27: 903321.85 | D27: Destravar plano de corte, cadastro, usina ou programação antes de abrir novas frentes. | H27: S.U | I27: 49 | J27: 1390523.5 | K27: 0.41128871 | L27: 28378.032 | N27: Rank | O27: Potencial | P27: % acumulado
A28: Itens inviáveis / declinados | B28: 6 | C28: 438060.56 | D28: Separar como baixo potencial de captura ou reavaliar somente se houver nova contraproposta técnica. | H28: USIMINAS | I28: 28 | J28: 998683.29 | K28: 0.2953903 | L28: 35667.261 | N28: 1 | O28: 223577.79 | P28: 0.066129783
A29: Sem redução potencial preenchida | B29: 11 | C29: 0 | D29: Completar valores para não subestimar o pipeline ou gerar ranking distorcido. | H29: ARCELOR | I29: 4 | J29: 341048.09 | K29: 0.10087512 | L29: 85262.023 | N29: 2 | O29: 214301.81 | P29: 0.12951592
A30: Kaizen / plano de corte | B30: 3 | C30: 0 | D30: Acompanhar como melhoria operacional; pode depender mais de engenharia/logística que de negociação. | H30: GONVARRI | I30: 5 | J30: 194339.68 | K30: 0.057481743 | L30: 38867.936 | N30: 3 | O30: 190474.65 | P30: 0.18585446
H31: CSN | I31: 7 | J31: 164779.97 | K31: 0.048738579 | L31: 23539.996 | N31: 4 | O31: 168140.89 | P31: 0.23558714
H32: DE: USIMINAS PARA: ARCELOR | I32: 1 | J32: 115000 | K32: 0.034014671 | L32: 115000 | N32: 5 | O32: 167489.23 | P32: 0.28512706
H33: FERROLENE | I33: 6 | J33: 105555.87 | K33: 0.031221288 | L33: 17592.644 | N33: 6 | O33: 128107.04 | P33: 0.32301853
H34: VW - SU | I34: 2 | J34: 70963.59 | K34: 0.020989593 | L34: 35481.795 | N34: 7 | O34: 117470.3 | P34: 0.35776386
N35: 8 | O35: 115000 | P35: 0.39177853
N36: 9 | O36: 113701.83 | P36: 0.42540923
N37: 10 | O37: 113597.52 | P37: 0.45900908
A39: Itens que merecem follow-up imediato
A40: Código | B40: Planta | C40: Fonte | D40: Potencial | E40: Status | F40: Motivo
A41: SLZ0180SI0366 | B41: JARINU | C41: S.U | D41: 168140.89 | E41: SIM | F41: Pendente em etapa operacional
A42: BOQ0975AB1250 | B42: FERRAZ | C42: ARCELOR | D42: 117470.3 | E42: SIM | F42: Pendente em etapa operacional
A43: SLZ0180SI0325 | B43: JARINU | C43: S.U | D43: 113701.83 | E43: SIM | F43: Pendente em etapa operacional
A44: SLZ0180SI0466 | B44: JARINU | C44: S.U | D44: 110915.64 | E44: SIM | F44: Pendente e requer plano de corte / validação operacional
A45: BOF0100TR1350 | B45: JARINU | C45: S.U | D45: 96985.81 | E45: SIM | F45: Pendente e requer plano de corte / validação operacional
A46: SLZ0150SI0725 | B46: JARINU | C46: S.U | D46: 77871.276 | E46: SIM | F46: Pendente em etapa operacional
A47: BOZ0120UI0950 | B47: JARINU | C47: S.U | D47: 76712.125 | E47: SIM | F47: Pendente e requer plano de corte / validação operacional
A48: BOZ0120QH0900 | B48: JARINU | C48: S.U | D48: 43018.02 | E48: SIM | F48: Pendente em etapa operacional

Sheet Análise Propostas
A1: Análise de Propostas de Redução
A2: Base: A.Propostas, 103 propostas analisadas até 28/07/2026 | N2: Status | O2: Qtd. | Q2: Checks
A3: A planilha reúne propostas de redução potencial anual por material, com consumo médio, planta, fonte/usina e status de avanço com Compras/Usina. O potencial anual identificado soma R$ 3.380.894,04; os 5 maiores itens concentram 28,5% desse valor, indicando forte concentração do impacto. JARINU lidera o potencial por planta e S.U concentra o maior valor por fonte/usina. Há 0 propostas com prazo vencido sem retorno final registrado e 16 itens com pendências operacionais. | N3: SIM | O3: 62 | Q3: Total linhas | R3: =COUNTA(A.Propostas!B6:B118) -> 106
N4: NÃO | O4: 37 | Q4: Total potencial | R4: =SUM(A.Propostas!F6:F118) -> 3426065.6
N5: N/A | O5: 1 | Q5: SIM | R5: =COUNTIF(A.Propostas!Z6:Z118,"SIM") -> 70
A6: Propostas | B6: Potencial anual | C6: Média por proposta | D6: Enviadas à usina | E6: Pendências | F6: Prazos vencidos | H6: Leitura rápida | N6: KAIZEN PLANO DE CORTE | O6: 3 | Q6: NÃO | R6: =COUNTIF(A.Propostas!Z6:Z118,"NÃO") -> 29
A7: =COUNTA(A.Propostas!B6:B118) -> 106 | B7: =SUM(A.Propostas!F6:F118) -> 3426065.6 | C7: =B7/A7 -> 32321.374 | D7: =COUNTIF(A.Propostas!Z6:Z118,"SIM") -> 70 | E7: {=SUMPRODUCT(--(MMULT(--ISNUMBER(SEARCH("PENDENTE",A.Propostas!AE6:AI118)),TRANSPOSE(COLUMN(A.Propostas!AE6:AI6)^0))>0))} -> 9 | F7: {=SUMPRODUCT(--(A.Propostas!AB6:AB118<DATE(2026,7,28)),--(A.Propostas!AB6:AB118<>""),--(A.Propostas!AC6:AC118=""),--ISERROR(SEARCH("INVIÁVEL",A.Propostas!L6:L118&A.Propostas!AC6:AC118&A.Propostas!AK6:AK118)))} -> 0 | H7: Priorizar validação dos top itens e destravar pendências de plano/cadastro/programação: isso protege R$ 2.942.833,48 em oportunidades economicamente relevantes. | Q7: KAIZEN | R7: =COUNTIF(A.Propostas!Z6:Z118,"KAIZEN PLANO DE CORTE") -> 0
N9: Planta | O9: Potencial
A10: Top 10 oportunidades por redução potencial | H10: Resumo por planta | N10: JARINU | O10: 1894286.5
A11: Código | B11: Planta | C11: Fonte | D11: Status | E11: Redução potencial | F11: Histórico / observação | H11: Planta | I11: Qtd. | J11: Potencial | K11: % do total | L11: Ticket médio | N11: FERRAZ | O11: 987200.72
A12: BOQ0800IS1200 | B12: FERRAZ | C12: ARCELOR | D12: SIM | E12: 223577.79 | F12: INFOQM A SER LIBERADO. PROGRAMAÇÃO ENVIADA | H12: JARINU | I12: 80 | J12: 1894286.5 | K12: 0.56029158 | L12: 23678.581 | N12: DIADEMA | O12: 499406.86
A13: BOQ1225BA1250 | B13: FERRAZ | C13: USIMINAS | D13: SIM | E13: 214301.81 | F13: ALTERAÇÃO DE PART NUMBER (ESP.) CONSULTA REVISADA 2601342 TOLERANCIA ESP. | H13: FERRAZ | I13: 12 | J13: 987200.72 | K13: 0.29199398 | L13: 82266.727 | N13: SÃO LEPOLDO | O13: 0
A14: BOQ1175AY1050 | B14: FERRAZ | C14: USIMINAS | D14: SIM | E14: 190474.65 | F14: ALTERAÇÃO DE PART NUMBER (ESP.) | H14: DIADEMA | I14: 8 | J14: 499406.86 | K14: 0.14771444 | L14: 62425.857
A15: SLZ0180SI0366 | B15: JARINU | C15: S.U | D15: SIM | E15: 168140.89 | F15: ITEM ENVIADO NO PRIMEIRO PACOTE DE SOLICITAÇÕES DE MODIFICAÇÕES | H15: SÃO LEPOLDO | I15: 3 | J15: 0 | K15: 0 | L15: 0
A16: BDZ0140SI03120950 | B16: JARINU | C16: GONVARRI | D16: NÃO | E16: 167489.23 | N16: Fonte | O16: Potencial
A17: CHZ0180GZ05270841 | B17: DIADEMA | C17: S.U | D17: SIM | E17: 128107.04 | N17: S.U | O17: 1390523.5
A18: BOQ0975AB1250 | B18: FERRAZ | C18: ARCELOR | D18: SIM | E18: 117470.3 | F18: CRIAÇÃO DE CÓDIGO EM ANDAMENTO | N18: USIMINAS | O18: 998683.29
A19: BOQ0575LA1150 | B19: DIADEMA | C19: DE: USIMINAS PARA: ARCELOR | D19: SIM | E19: 115000 | F19: ENVIADO CONFIRMAÇÃO PARA ENG. | N19: ARCELOR | O19: 341048.09
A20: SLZ0180SI0325 | B20: JARINU | C20: S.U | D20: SIM | E20: 113701.83 | F20: ITEM ENVIADO NO PRIMEIRO PACOTE DE SOLICITAÇÕES DE MODIFICAÇÕES | N20: GONVARRI | O20: 194339.68
A21: BDZ0140SI05750517 | B21: JARINU | C21: CSN | D21: NÃO | E21: 113597.52 | N21: CSN | O21: 164779.97
N22: DE: USIMINAS PARA: ARCELOR | O22: 115000
N23: FERROLENE | O23: 105555.87
N24: VW - SU | O24: 70963.59
A25: Alertas operacionais | H25: Top fontes/usinas por potencial
A26: Tipo | B26: Qtd. | C26: Potencial associado | D26: Comentário | H26: Fonte/usina | I26: Qtd. | J26: Potencial | K26: % do total | L26: Ticket médio
A27: Prazos vencidos | B27: 0 | C27: 0 | D27: Prazo de usina/cadastro/recebimento anterior a 28/07/2026 sem devolução válida. | H27: S.U | I27: 49 | J27: 1390523.5 | K27: 0.41128871 | L27: 28378.032
A28: Pendências de plano/cadastro/programação | B28: 16 | C28: 903321.85 | D28: Itens marcados como PENDENTE em plano, usina, cadastro ou programação. | H28: USIMINAS | I28: 28 | J28: 998683.29 | K28: 0.2953903 | L28: 35667.261
A29: Itens inviáveis/contra-proposta declinada | B29: 6 | C29: 438060.56 | D29: Histórico ou retorno indica inviabilidade metalúrgica/técnica. | H29: ARCELOR | I29: 4 | J29: 341048.09 | K29: 0.10087512 | L29: 85262.023
A30: Kaizen/plano de corte | B30: 3 | C30: 0 | D30: Itens classificados como plano de corte, normalmente dependentes de validação operacional. | H30: GONVARRI | I30: 5 | J30: 194339.68 | K30: 0.057481743 | L30: 38867.936
H31: CSN | I31: 7 | J31: 164779.97 | K31: 0.048738579 | L31: 23539.996
H32: DE: USIMINAS PARA: ARCELOR | I32: 1 | J32: 115000 | K32: 0.034014671 | L32: 115000
A33: Itens críticos para follow-up | H33: FERROLENE | I33: 6 | J33: 105555.87 | K33: 0.031221288 | L33: 17592.644
A34: Código | B34: Planta | C34: Fonte | D34: Prazo/retorno | E34: Potencial | F34: Motivo | H34: VW - SU | I34: 2 | J34: 70963.59 | K34: 0.020989593 | L34: 35481.795
A35: SLZ0180SI0366 | B35: JARINU | C35: S.U | D35: 2026-03-27T00:00:00.000Z | E35: 168140.89 | F35: Pendência operacional | H35: GONVARRI FERROLENE | I35: 1 | J35: 0 | K35: 0 | L35: 0
A36: BOQ0975AB1250 | B36: FERRAZ | C36: ARCELOR | D36: 2026-06-20T00:00:00.000Z | E36: 117470.3 | F36: Pendência operacional
A37: SLZ0180SI0325 | B37: JARINU | C37: S.U | D37: 2026-03-27T00:00:00.000Z | E37: 113701.83 | F37: Pendência operacional
A38: SLZ0180SI0466 | B38: JARINU | C38: S.U | D38: 2026-04-06T00:00:00.000Z | E38: 110915.64 | F38: Pendência operacional
A39: BOF0100TR1350 | B39: JARINU | C39: S.U | D39: 2026-08-03T00:00:00.000Z | E39: 96985.81 | F39: Pendência operacional
A40: SLZ0150SI0725 | B40: JARINU | C40: S.U | D40: 2026-03-27T00:00:00.000Z | E40: 77871.276 | F40: Pendência operacional
A41: BOZ0120UI0950 | B41: JARINU | C41: S.U | D41: 2026-08-03T00:00:00.000Z | E41: 76712.125 | F41: Pendência operacional
A42: BOZ0120QH0900 | B42: JARINU | C42: S.U | D42: 2026-03-27T00:00:00.000Z | E42: 43018.02 | F42: Pendência operacional

Sheet Controle
A2: Código Bobina Mâe | B2: Tipo | C2: Esp. (mm) | D2: Larg (mm) | E2: Compr (mm) | F2: Tolerância + - | G2: Descrição | H2: Cód no Fornecedor | I2: Grupo | J2: LT (dias) | K2: Lote Múltiplo [Usina] Lote Mínimo [Distrib] Ton | L2: Usina Referência | M2: Cliente | N2: Projeto | O2: ABC | P2: CORTE | Q2: FATURAMENTO PEÇA | R2: Unidade Delga | S2: Beneficiador | T2: NECESSIDADE Janeiro / 2026 | U2: NECESSIDADE Fevereiro / 2026 | V2: NECESSIDADE Março / 2026 | W2: NECESSIDADE Abril / 2026 | X2: NECESSIDADE Maio / 2026 | Y2: NECESSIDADE MÉDIA FEV A MAIO (ton) | Z2: Análise espessura | AA2: Análise Largura | AB2: Análise Comprimento / passo | AC2: Análise da qualidade | AD2: Análise Plano de corte / nest | AE2: Análise de estoque | AF2: Outros | AG2: Concluido análise | AH2: V. Médio Análisado | AI2: Quantidade de produtos relacionados | AJ2: Produtos relacionados | AK2: Ganho MENSAL | AL2: Código nova bobina | AM2: OBS | AN2: Primeiro Ganho previsto | AO2: Validado (USINA/CUSTOS)
A3: CHZ0180GZ07301920 | B3: BZ | C3: 1.8 | D3: 1100 | E3: - | F3: ±0,13 | G3: EN10346 HX300YDZ100 1,80X1100 M10441430 | H3: 34029156 | L3: VW - SU | M3: VW-SBC | N3: Saveiro | O3: A | P3: Diadema | Q3: Diadema | R3: Diadema | S3: Diadema | T3: 194.52238 | U3: 211.84826 | V3: 213.42334 | W3: 127.58148 | X3: 189.0096 | Y3: =AVERAGE(T3:X3) -> 187.27701 | Z3: X | AA3: X | AB3: X | AC3: X | AD3: X | AE3: X | AF3: X | AG3: =COUNTIF(Z3:AF3,"X")/7 -> 1 | AH3: =IF(AG3=100%,Y3," ") -> 187.27701 | AI3: 2 | AJ3: VW000573Z / 574Z | AK3: 0 | AM3: Longarina da Saveiro, em análise na possibilidade de redução do comprimento do blank (passo de corte no fornecedor).
A4: BOQ0475ED1250 | B4: BQ | C4: 4.75 | D4: 1250 | E4: - | F4: ±0,10 | G4: BOB NBR6656 LNE38 D/O 4,75X1250 | H4: - | L4: USIMINAS | M4: ANCHIETA /MAN/FAURECIA | N4: Travessas 73/74 , 0038 e itens MAN | O4: A | P4: Diadema | Q4: Diadema | R4: Diadema | S4: Ferrolene | T4: 67.237324 | U4: 68.395356 | V4: 89.373864 | W4: 82.735722 | X4: 82.275846 | Y4: =AVERAGE(T4:X4) -> 78.003622 | Z4: X | AA4: X | AB4: X | AC4: X | AD4: X | AE4: X | AF4: X | AG4: =COUNTIF(Z4:AF4,"X")/7 -> 1 | AH4: =IF(AG4=100%,Y4," ") -> 78.003622 | AI4: 25 | AJ4: FA000007AA / FA000008AA / PU000008AA / MB000073AX / MB000074AX / DA000458Z / VW001141AA / VW001142AA / VW001143AA / VW001155AA / DA000525LA / DA000525LB / DA000525LC / DA000525LH / DA000525LI / MB003533LA / MB003533LB / MB003536LA / MB003536LB / MB003537LA / MB003537LB / MB003538LA / MB003538LB / MB003673LC / MB002316LA | AK4: 43147.96 | AM4: Produtos com processo de corte laser com reduções significativas no peso bruto unitário. DA000458Z - Redução de 12mm na largura do blank. De 300mm para 288mm. Redução de 0,44kg por blank. Os produtos "Travessa" da MBB estão em análise (MB000073AX / 074AX). | AN4: 46082 | AO4: Sim
A5: BOQ0285EE0885 | B5: BQ | C5: 2.85 | D5: 885 | E5: - | F5: 2,85 MTH | G5: NBR-6656-16-LNE-500 | H5: - | L5: USIMINAS | M5: ANCHIETA / VOLVO | N5: Projeto Fuel Tank - Projeto Especial ( VOLVO) | O5: A | P5: Diadema | Q5: Diadema | R5: Diadema | S5: Diadema | T5: 75.627 | U5: 67.224 | V5: 73.509444 | W5: 75.324492 | X5: 76.837032 | Y5: =AVERAGE(T5:X5) -> 73.704394 | Z5: X | AA5: X | AB5: X | AC5: X | AD5: X | AE5: X | AF5: X | AG5: =COUNTIF(Z5:AF5,"X")/7 -> 1 | AH5: =IF(AG5=100%,Y5," ") -> 73.704394 | AI5: 1 | AJ5: DA000459AA | AK5: 4163.27 | AM5: Redução no passo (Comprimento) do blank. | AN5: 46143 | AO5: Sim
A6: SLZ0120UI0500 | B6: SLZ | C6: 1.2 | D6: 500 | E6: - | G6: BOB VW50065 CR3-GI40/40-U-O 1,20X1250MM | H6: 34025664 | L6: SOLUÇÕES USIMINAS | M6: VW-SBC /TBT | N6: Nivus/Polo | O6: A | P6: Diadema | Q6: Diadema | R6: Diadema | S6: Diadema | T6: 54.7344 | U6: 52.4538 | V6: 54.7344 | W6: 48.6528 | X6: 72.9792 | Y6: =AVERAGE(T6:X6) -> 56.71092 | Z6: X | AA6: X | AB6: X | AC6: X | AD6: X | AE6: X | AF6: X | AG6: =COUNTIF(Z6:AF6,"X")/7 -> 1 | AH6: =IF(AG6=100%,Y6," ") -> 56.71092 | AI6: 2 | AJ6: VW000895AA / 896AA | AK6: 0 | AM6: Material em análise. Oportunidade de redução de 10mm no passo de corte do desbobinador (interno) - De 265mm para 255mm
A7: CHF0100HA06250872 | B7: BF | C7: 1 | D7: 1350 | E7: 315 | F7: 0.075 | G7: BOB EN10268 HC260LA 1,00X1250 M10440489 | H7: M10440489 | L7: FERROLENE | M7: VW-SBC | N7: Saveiro | O7: A | P7: Diadema | Q7: Diadema | R7: Diadema | S7: Diadema | T7: 53.573212 | U7: 60.627336 | V7: 61.00864 | W7: 36.414532 | X7: 54.240494 | Y7: =AVERAGE(T7:X7) -> 53.172843 | Z7: X | AA7: X | AB7: X | AC7: X | AD7: X | AE7: X | AF7: X | AG7: =COUNTIF(Z7:AF7,"X")/7 -> 1 | AH7: =IF(AG7=100%,Y7," ") -> 53.172843 | AI7: 2 | AJ7: VW000630AC / 631AC | AK7: 0 | AM7: "Pulmão" da Saveiro, sem proposta de KAIZEN.
A8: CHF0180SF07500640 | B8: CHF | C8: 1.8 | D8: 750 | E8: 640 | G8: BOB DIN EN10130 + A1 DC01 Am 1,80X1500MM | H8: 34025705 | L8: SOLUÇÕES USIMINAS | M8: VW-SBC | N8: Saveiro | O8: A | P8: Diadema | Q8: Diadema | R8: Sul | S8: Diadema | T8: 41.85472 | U8: 47.74054 | V8: 48.39452 | W8: 29.4291 | X8: 42.5087 | Y8: =AVERAGE(T8:X8) -> 41.985516 | Z8: X | AA8: X | AB8: X | AC8: X | AD8: X | AE8: X | AF8: X | AG8: =COUNTIF(Z8:AF8,"X")/7 -> 1 | AH8: =IF(AG8=100%,Y8," ") -> 41.985516 | AI8: 2 | AJ8: VW000745Z / 746Z | AK8: =16000/12 -> 1333.3333 | AM8: Processo terceirizado para Delga SUL. | AO8: Sim
A9: BOQ0575LN1200 | B9: BQ | C9: 1.8 | D9: 366 | E9: 840 | F9: 0.075 | G9: EN-10149-2-13-S420MC | H9: - | L9: ARCELOR | M9: ANCHIETA / SCANIA | N9: AD 5699-22 ( Telha e Chifre) | O9: A | P9: Diadema | Q9: Diadema | R9: Diadema | S9: Ferrolene | T9: 24.0702 | U9: 42.526632 | V9: 48.189152 | W9: 36.419424 | X9: 42.402072 | Y9: =AVERAGE(T9:X9) -> 38.721496 | Z9: X | AA9: X | AB9: X | AC9: X | AD9: X | AE9: X | AF9: X | AG9: =COUNTIF(Z9:AF9,"X")/7 -> 1 | AH9: =IF(AG9=100%,Y9," ") -> 38.721496 | AI9: 2 | AJ9: SV001141LA / SV001142LA | AK9: 20109.23 | AM9: Produtos com processo de corte laser com reduções significativas no peso bruto unitário. Os produtos "Travessa" da MBB estão em análise. | AN9: 46113 | AO9: Sim
A10: BOF0100UQ1200 | B10: BF | C10: 1 | D10: 1200 | E10: - | F10: ±0,04 | G10: GMW3399M-ST-S-CR980T/700Y-MP-LCE-UNC | H10: - | L10: USIMINAS | M10: GM/JARINU | N10: TRACKER | O10: A | P10: Diadema | Q10: Diadema | R10: Diadema | S10: Diadema | T10: 31.9365 | U10: 32.148 | V10: 55.33968 | W10: 31.02 | X10: 34.7424 | Y10: =AVERAGE(T10:X10) -> 37.037316 | Z10: X | AA10: X | AB10: X | AC10: X | AD10: X | AE10: X | AF10: X | AG10: =COUNTIF(Z10:AF10,"X")/7 -> 1 | AH10: =IF(AG10=100%,Y10," ") -> 37.037316 | AI10: 2 | AJ10: DJ000059Z / 060Z | AK10: 21877.25 | AM10: Redução no passo (Comprimento) do blank. | AN10: 46113 | AO10: Sim
A11: CHZ0180GZ05270841 | B11: BZ | C11: 1.8 | D11: 1450 | E11: - | F11: ±0,14 | G11: EN10292 HX300YD Z100 | H11: 34029203 | L11: VW - SU | M11: VW-SBC | N11: Saveiro | O11: A | P11: Diadema | Q11: Diadema | R11: Diadema | S11: Diadema | T11: 34.166407 | U11: 40.1718 | V11: 43.665 | W11: 13.9728 | X11: 47.1582 | Y11: =AVERAGE(T11:X11) -> 35.826841 | Z11: X | AA11: X | AB11: X | AC11: X | AD11: X | AE11: X | AF11: X | AG11: =COUNTIF(Z11:AF11,"X")/7 -> 1 | AH11: =IF(AG11=100%,Y11," ") -> 35.826841 | AI11: 2 | AJ11: VW00581Z / 582Z | AK11: 18301.01 | AM11: Redução no passo (Comprimento) do blank. Aguardando retorno de compras referente à MP. | AN11: 46174
A12: CHF0180SF04000900 | B12: CHF | C12: 1.8 | D12: 400 | E12: 900 | G12: BOB DIN EN10130 + A1 DC01 Am 1,80X1200MM | H12: 34025704 | L12: SOLUÇÕES USIMINAS | M12: VW-SBC | N12: Saveiro | O12: A | P12: Diadema | Q12: Diadema | R12: Diadema | S12: Diadema | T12: 33.788052 | U12: 35.5025 | V12: 38.0845 | W12: 16.783 | X12: 36.7935 | Y12: =AVERAGE(T12:X12) -> 32.19031 | Z12: X | AA12: X | AB12: X | AC12: X | AD12: X | AE12: X | AF12: X | AG12: =COUNTIF(Z12:AF12,"X")/7 -> 1 | AH12: =IF(AG12=100%,Y12," ") -> 32.19031 | AI12: 2 | AJ12: VW000585Z / 586Z | AK12: 5385.33 | AM12: Reduzir 20mm no passo do blank, de 900 para 880 (10mm/peça). Aguardando validação da controladoria. | AN12: 46204 | AO12: Sim
A13: CHZ0100SE12000540 | B13: BZ | C13: 1.8 | D13: 325 | E13: 630 | F13: 0.075 | G13: VW50065 - CR3-GI40/40 | H13: M10441440 | L13: FERROLENE | M13: VW-SBC | N13: Saveiro | O13: A | P13: Diadema | Q13: Diadema | R13: Diadema | S13: Diadema | T13: 33.5595 | U13: 36.141 | V13: 36.39915 | W13: 21.6846 | X13: 32.26875 | Y13: =AVERAGE(T13:X13) -> 32.0106 | Z13: X | AA13: X | AB13: X | AC13: X | AD13: X | AE13: X | AF13: X | AG13: =COUNTIF(Z13:AF13,"X")/7 -> 1 | AH13: =IF(AG13=100%,Y13," ") -> 32.0106 | AI13: 4 | AJ13: VW000522AA | AK13: 0 | AM13: Material analisado e sem oportunidade de redução.
A14: BOZ0065HV1050 | B14: BZ | C14: 0.65 | D14: 1050 | E14: - | G14: GMW2M-ST-S-CR3-HD60G60G-U 0,65X1050 | H14: - | L14: USIMINAS | M14: GM/JARINU | O14: A | P14: Diadema | Q14: Diadema | R14: Diadema | S14: Diadema | T14: 25.18512 | U14: 33.34776 | V14: 38.93648 | W14: 30.33296 | X14: 31.62384 | Y14: =AVERAGE(T14:X14) -> 31.885232 | Z14: X | AA14: X | AB14: X | AC14: X | AD14: X | AE14: X | AF14: X | AG14: =COUNTIF(Z14:AF14,"X")/7 -> 1 | AH14: =IF(AG14=100%,Y14," ") -> 31.885232 | AI14: 6 | AJ14: GM000378Z / 379Z / GM000396Z / 397Z / GM000380Z / 381Z | AK14: 6282.89 | AM14: Reduzir 20mm no passo do blank, de 240 para 220 (10mm/peça). | AN14: 46204 | AO14: Sim
A15: BOQ0630IH1300 | B15: BQ | C15: 6.3 | D15: 1200 | E15: - | G15: CHQ NBR6656 LNE28 6,00X1200X2000 | H15: - | L15: ARCELOR | M15: ANCHIETA | N15: MBB | O15: A | P15: Diadema | Q15: Diadema | R15: Diadema | S15: Ferrolene | T15: 28.061085 | U15: 27.69159 | V15: 36.252684 | W15: 33.39063 | X15: 33.39063 | Y15: =AVERAGE(T15:X15) -> 31.757324 | Z15: X | AA15: X | AB15: X | AC15: X | AD15: X | AE15: X | AF15: X | AG15: =COUNTIF(Z15:AF15,"X")/7 -> 1 | AH15: =IF(AG15=100%,Y15," ") -> 31.757324 | AI15: 1 | AJ15: DA000503Z | AK15: 0 | AM15: Material em análise (Izaias Claro). Possibilidade na redução da largura da bobina / chapa.
A16: BOZ0150HX1000 | B16: BZ | C16: 1.5 | D16: 1000 | E16: - | F16: NÃO | G16: GMW3032M-ST-S-340LA-HD60G60G-U 1,5X1000 | H16: - | L16: USIMINAS | M16: GM/JARINU | N16: TRACKER | O16: A | P16: Diadema | Q16: Diadema | R16: Diadema | S16: Diadema | T16: 26.85094 | U16: 29.996158 | V16: 38.147038 | W16: 31.483694 | X16: 27.1762 | Y16: =AVERAGE(T16:X16) -> 30.730806 | Z16: X | AA16: X | AB16: X | AC16: X | AD16: X | AE16: X | AF16: X | AG16: =COUNTIF(Z16:AF16,"X")/7 -> 1 | AH16: =IF(AG16=100%,Y16," ") -> 30.730806 | AI16: 6 | AJ16: GM000390Z / GM000391Z / GM000392Z / GM000393Z / DJ000131Z / DJ000132Z | AK16: 8657.01 | AM16: Redução da largura do slitter de 1000mm para 950mm | AN16: 46235 | AO16: Sim
A17: CHF0120TL02100570 | B17: CHF | C17: 1.2 | D17: 210 | E17: 570 | G17: BO VW50065 CR300LA UC 1,20X1050MM | H17: 34025707 | L17: SOLUÇÕES USIMINAS | M17: JARINU | N17: POLO / VIRTUS PA / NIVUS | O17: A | P17: Diadema | Q17: Diadema | R17: Diadema | S17: Diadema | T17: 30.581408 | U17: 26.40352 | V17: 31.07104 | W17: 32.44384 | X17: 31.52864 | Y17: =AVERAGE(T17:X17) -> 30.40569 | Z17: X | AA17: X | AB17: X | AC17: X | AD17: X | AE17: X | AF17: X | AG17: =COUNTIF(Z17:AF17,"X")/7 -> 1 | AH17: =IF(AG17=100%,Y17," ") -> 30.40569 | AI17: 4 | AJ17: DJ000049Z / DJ000050Z / DJ000232Z / DJ000233Z | AK17: 0 | AM17: Item da transfer (Cattaneo).
A18: BOQ0800ZN1300 | B18: BQ | C18: 1.5 | D18: 725 | E18: 70 | F18: 0.075 | G18: BOQ EN10149-2 S500MC 8,00X1300 | H18: - | L18: USIMINAS | M18: ANCHIETA / MBB / SCANIA | N18: MBB Boomerang / Scania Facão | O18: A | P18: Diadema | Q18: Diadema | R18: Diadema | S18: Ferrolene | T18: 22.626375 | U18: 26.80724 | V18: 33.201522 | W18: 31.318612 | X18: 31.10569 | Y18: =AVERAGE(T18:X18) -> 29.011888 | Z18: X | AA18: X | AB18: X | AC18: X | AD18: X | AE18: X | AF18: X | AG18: =COUNTIF(Z18:AF18,"X")/7 -> 1 | AH18: =IF(AG18=100%,Y18," ") -> 29.011888 | AI18: 10 | AJ18: VB000347LA / DA000496Z / DA000498Z / DA000499Z / DA000501Z / DA000500Z / DA000502Z / DA000506Z / DA000530Z / DA000531 | AK18: 0 | AM18: "Facão" da Volvo e Boomerangs da MBB sem oportunidades de redução.
A19: BOZ0100CN1200 | B19: BZ | C19: 1 | D19: 1200 | E19: - | G19: BOB EN10327 DX53 Z100 1,00X1200 MM **1100mm** | H19: - | L19: USIMINAS | M19: MERCEDES | N19: Lâmina | O19: A | P19: Diadema | Q19: Diadema | R19: Diadema | S19: Ferrolene | T19: 22.825968 | U19: 27.861108 | V19: 34.361016 | W19: 27.861108 | X19: 31.309416 | Y19: =AVERAGE(T19:X19) -> 28.843723 | Z19: X | AA19: X | AB19: X | AC19: X | AD19: X | AE19: X | AF19: X | AG19: =COUNTIF(Z19:AF19,"X")/7 -> 1 | AH19: =IF(AG19=100%,Y19," ") -> 28.843723 | AI19: 1 | AJ19: DA000213Z | AK19: 10148.41 | AM19: KAIZEN de redução na largura ainda não implementado (de 1200mm para 1100mm) | AN19: 46296 | AO19: Sim
A20: SLZ0180SI0285 | B20: SLZ | C20: 1.8 | D20: 285 | E20: - | G20: BO VW50065 CR300LA-GI40/40U 1,80X1150MM | H20: 34026257 | L20: SOLUÇÕES USIMINAS | M20: VW-SBC | N20: Polo/Virtus/Nivus | O20: A | P20: Diadema | Q20: Diadema | R20: Diadema | S20: Diadema | T20: 24.737442 | U20: 25.4849 | V20: 31.7261 | W20: 27.5653 | X20: 31.206 | Y20: =AVERAGE(T20:X20) -> 28.143948 | AF20: X | AG20: =COUNTIF(Z20:AF20,"X")/7 -> 0.14285714 | AH20: =IF(AG20=100%,Y20," ") | AI20: 2 | AJ20: VW000887AA / VW000888AA | AK20: 0 | AM20: Material em análise. Oportunidade de redução no passo de corte do desbobinador (interno) - Item da Cattaneo
A21: BOQ0375PQ1550 | B21: BQ | C21: 0.7 | D21: 675 | E21: 1600 | F21: 0.055 | G21: EN10149-2 S460MC 3,75MTH x 1550 | H21: - | L21: ARCELOR | M21: FERRAZ | N21: Suporte do tanque (Scania) | O21: A | P21: Jarinu | Q21: Diadema | R21: Diadema | S21: Ferrolene | T21: 13.4316 | U21: 28.782 | V21: 37.638 | W21: 26.568 | X21: 30.258 | Y21: =AVERAGE(T21:X21) -> 27.33552 | Z21: X | AA21: X | AB21: X | AC21: X | AD21: X | AE21: X | AF21: X | AG21: =COUNTIF(Z21:AF21,"X")/7 -> 1 | AH21: =IF(AG21=100%,Y21," ") -> 27.33552 | AI21: 2 | AJ21: DA000489AA / DA000490AA | AK21: 56402.8 | AM21: Redução de 20mm no blank (0,46kg)/peça | AN21: 46143 | AO21: Sim
A22: CHF0275KO06400290 | B22: BF | C22: 2.75 | D22: 1280 | E22: - | G22: EN10130 DC03 A | H22: 34029201 | L22: VW - SU | M22: VW-SBC | N22: Saveiro | O22: B | P22: Diadema | Q22: Diadema | R22: Diadema | S22: Diadema | T22: 26.598 | U22: 28.644 | V22: 30.69 | W22: 10.23 | X22: 31.713 | Y22: =AVERAGE(T22:X22) -> 25.575 | Z22: X | AA22: X | AB22: X | AC22: X | AD22: X | AE22: X | AF22: X | AG22: =COUNTIF(Z22:AF22,"X")/7 -> 1 | AH22: =IF(AG22=100%,Y22," ") -> 25.575 | AI22: 2 | AJ22: VW000583Z / VW000584Z | AK22: 0 | AM22: MP analisada com oportunidade de redução no comprimento e largura do blank (Redução de 30mm no comprimento e 5mm na largura)
A23: BOQ0700IS1300 | B23: BQ | C23: 7 | D23: 1300 | E23: - | G23: 6656 LNE50 7,0(+0/-0,3 MTL)X1300 | H23: - | L23: ARCELOR | M23: FERRAZ | N23: MBB | O23: B | P23: Diadema | Q23: Diadema | R23: Diadema | S23: Ferrolene | T23: 23.10912 | U23: 21.74976 | V23: 28.32673 | W23: 26.50752 | X23: 25.14816 | Y23: =AVERAGE(T23:X23) -> 24.968258 | Z23: X | AA23: X | AB23: X | AC23: X | AD23: X | AE23: X | AF23: X | AG23: =COUNTIF(Z23:AF23,"X")/7 -> 1 | AH23: =IF(AG23=100%,Y23," ") -> 24.968258 | AI23: 1 | AJ23: MB003601Z | AK23: 486.53 | AM23: Redução do peso bruto da chapa com 24 peças / chapa. | AN23: 46143 | AO23: Sim
A24: BOF0130UQ0950 | B24: BF | C24: 1.3 | D24: 950 | E24: - | G24: GMW3399M-ST-S-CR980T/700Y-MP-LCE-UNC | H24: - | L24: USIMINAS | M24: GM/JARINU | N24: TRACKER | O24: B | P24: Diadema | Q24: Diadema | R24: Diadema | S24: Diadema | T24: 13.65024 | U24: 21.956064 | V24: 37.565152 | W24: 21.254272 | X24: 23.860928 | Y24: =AVERAGE(T24:X24) -> 23.657331 | Z24: X | AA24: X | AB24: X | AC24: X | AD24: X | AE24: X | AF24: X | AG24: =COUNTIF(Z24:AF24,"X")/7 -> 1 | AH24: =IF(AG24=100%,Y24," ") -> 23.657331 | AI24: 2 | AJ24: DJ000055Z / DJ000056Z | AK24: 0
A25: CHZ0250SE02900636 | B25: BZ | C25: 2.5 | D25: 1160 | E25: - | G25: EN10346 DX54DZ100MBO 2,50X1160 M10441443 | H25: 34028996 | L25: VW - SU | M25: VW-SBC | N25: Saveiro | O25: B | P25: Diadema | Q25: Diadema | R25: Diadema | S25: Diadema | T25: 26.507115 | U25: 24.7968 | V25: 28.3392 | W25: 8.856 | X25: 28.3392 | Y25: =AVERAGE(T25:X25) -> 23.367663 | Z25: X | AA25: X | AB25: X | AC25: X | AD25: X | AE25: X | AF25: X | AG25: =COUNTIF(Z25:AF25,"X")/7 -> 1 | AH25: =IF(AG25=100%,Y25," ") -> 23.367663 | AI25: 2 | AJ25: VW000589Z / VW000590Z | AK25: 0 | AM25: Material analisado e sem oportunidade de redução.
A26: BOF0150ZM1050 | B26: BF | C26: 1.5 | D26: 1050 | E26: - | H26: - | L26: USIMINAS | M26: ANCHIETA / SCANIA | N26: Cintas Scania | O26: B | P26: Diadema | Q26: Diadema | R26: Diadema | S26: Ferrolene | T26: 9.0986 | U26: 17.47872 | V26: 29.5674 | W26: 29.45172 | X26: 29.46108 | Y26: =AVERAGE(T26:X26) -> 23.011504 | Z26: X | AA26: X | AB26: X | AC26: X | AD26: X | AE26: X | AF26: X | AG26: =COUNTIF(Z26:AF26,"X")/7 -> 1 | AH26: =IF(AG26=100%,Y26," ") -> 23.011504 | AI26: 5 | AJ26: DA000475AA / DA000476AA / DA000477AA / DA000478AA / DA000479AA | AK26: 0 | AM26: Material analisado e sem oportunidade de redução - Sendo analisado perda de uma sobra de sleeter.
A27: BOF0120AI1300 | B27: BF | C27: 1.2 | D27: 1300 | E27: - | G27: NBR5915 LF EP | H27: - | L27: USIMINAS | M27: MERCEDES | N27: Lateral | O27: B | P27: Diadema | Q27: Diadema | R27: Diadema | S27: Diadema | T27: 15.5375 | U27: 21.131 | V27: 27.346 | W27: 24.86 | X27: 24.86 | Y27: =AVERAGE(T27:X27) -> 22.7469 | Z27: X | AA27: X | AB27: X | AC27: X | AD27: X | AE27: X | AF27: X | AG27: =COUNTIF(Z27:AF27,"X")/7 -> 1 | AH27: =IF(AG27=100%,Y27," ") -> 22.7469 | AI27: 2 | AJ27: MB003544Z / MB003545Z | AK27: 0
A28: BOQ0400DW1050 | B28: BQ | C28: 1 | D28: 1050 | E28: 755 | F28: 0.04 | G28: BOB NBR5906 EP D/O 4,00X1050 | H28: - | L28: ARCELOR | M28: ANCHIETA | N28: Panelinha | O28: B | P28: Jarinu | Q28: Diadema | R28: Diadema | S28: Ferrolene | T28: 15.561312 | U28: 20.24048 | V28: 30.47616 | W28: 23.088 | X28: 20.89464 | Y28: =AVERAGE(T28:X28) -> 22.052118 | Z28: X | AA28: X | AB28: X | AC28: X | AD28: X | AE28: X | AF28: X | AG28: =COUNTIF(Z28:AF28,"X")/7 -> 1 | AH28: =IF(AG28=100%,Y28," ") -> 22.052118 | AI28: 2 | AJ28: MB000412Z / MB000413Z | AK28: 0 | AM28: Em processo de desenvolvimento de nova ferramenta. Realizado comparação de preço de MP para as novas ferramentas.
A29: SLZ0060TD0455 | B29: SLZ | C29: 0.6 | D29: 455 | E29: - | G29: CR240LA-GI40/40U0,6X1000 | H29: 34025661 | L29: SOLUÇÕES USIMINAS | M29: VW-SBC | N29: POLO /NIVUS /VIRTUS | O29: B | P29: Diadema | Q29: Diadema | R29: Diadema | S29: Diadema | T29: 16.000658 | U29: 18.7224 | V29: 22.596 | W29: 20.6592 | X29: 22.2732 | Y29: =AVERAGE(T29:X29) -> 20.050292 | Z29: X | AA29: X | AB29: X | AC29: X | AD29: X | AE29: X | AF29: X | AG29: =COUNTIF(Z29:AF29,"X")/7 -> 1 | AH29: =IF(AG29=100%,Y29," ") -> 20.050292 | AI29: 2 | AJ29: VW000919Z / VW000920Z | AK29: 0
A30: SLQ0300ED0433 | B30: SLQ | C30: 3 | D30: 433 | E30: - | G30: BOB NBR 6656 LNE38 D/O 3,00X1300MM | H30: 34025370 | L30: SOLUÇÕES USIMINAS | M30: VW-SJP | N30: Saveiro | O30: B | P30: Diadema | Q30: Diadema | R30: Diadema | S30: Diadema | T30: 18.74661 | U30: 22.7574 | V30: 16.4628 | W30: 19.368 | X30: 19.8522 | Y30: =AVERAGE(T30:X30) -> 19.437402 | Z30: X | AA30: X | AB30: X | AC30: X | AD30: X | AE30: X | AF30: X | AG30: =COUNTIF(Z30:AF30,"X")/7 -> 1 | AH30: =IF(AG30=100%,Y30," ") -> 19.437402 | AI30: 6 | AJ30: VW000928Z / VW000929Z / VW000917Z / VW000918Z / VW000593Z / VW000594Z | AK30: 0
A31: CHZ0060TD05000500 | B31: CHZ | G31: CR240LA-GI40/40U0,6X1000 | H31: 34028964 | L31: SOLUÇÕES USIMINAS | M31: VW-SBC | N31: POLO /NIVUS /VIRTUS | O31: B | P31: Diadema | Q31: Diadema | R31: Sul | S31: Diadema | T31: 18.010124 | U31: 16.257984 | V31: 21.339776 | W31: 18.56448 | X31: 19.427072 | Y31: =AVERAGE(T31:X31) -> 18.719887 | Z31: X | AA31: X | AB31: X | AC31: X | AD31: X | AE31: X | AF31: X | AG31: =COUNTIF(Z31:AF31,"X")/7 -> 1 | AH31: =IF(AG31=100%,Y31," ") -> 18.719887 | AI31: 2 | AJ31: VW0001048Z / VW0001049Z - DD000502/503Z | AK31: =69601.91/12 -> 5800.1592 | AM31: Em análise de custos | AN31: 46266
A32: BOZ0150HX1250 | B32: BZ | C32: 1.5 | D32: 1250 | E32: - | F32: NÃO | G32: GMW3032M-ST-S-340LA-HD60G60G-U 1,5X1000 | H32: - | L32: USIMINAS | M32: GM/JARINU | N32: TRACKER | O32: B | P32: Diadema | Q32: Diadema | R32: Diadema | S32: Diadema | T32: 8.118495 | U32: 17.01018 | V32: 28.221435 | W32: 18.169965 | X32: 20.87613 | Y32: =AVERAGE(T32:X32) -> 18.479241 | Z32: X | AA32: X | AB32: X | AC32: X | AD32: X | AE32: X | AF32: X | AG32: =COUNTIF(Z32:AF32,"X")/7 -> 1 | AH32: =IF(AG32=100%,Y32," ") -> 18.479241 | AI32: 2 | AJ32: GM000408Z / GM000409Z | AK32: 11042.36 | AM32: REDUZIR PASSO DE 210 mm PARA 195 mm. REDUÇÃO DE PESO BRUTO DE 1,561 KG PARA 1,464 KG. | AN32: 46113 | AO32: Sim
A33: BOZ0140HX1100 | B33: BZ | C33: 1.4 | D33: 1100 | E33: - | G33: BOB1,40X1000 GMW3032M-ST-S-CR340LA-HD60G | H33: - | L33: USIMINAS | M33: GM/JARINU | N33: JOY/JOY PLUS | O33: B | P33: Sul | Q33: Sul | R33: Diadema | S33: Diadema | T33: 8.56086 | U33: 17.6253 | V33: 27.6969 | W33: 18.12888 | X33: 19.13604 | Y33: =AVERAGE(T33:X33) -> 18.229596 | Z33: X | AA33: X | AB33: X | AC33: X | AD33: X | AE33: X | AF33: X | AG33: =COUNTIF(Z33:AF33,"X")/7 -> 1 | AH33: =IF(AG33=100%,Y33," ") -> 18.229596 | AI33: 2 | AJ33: GM000402Z / 403Z | AK33: 4861.65 | AM33: Redução de 15mm no passo do blank (183g/blank) | AN33: 46143 | AO33: Sim
A34: BOQ0600IH1000 | B34: BQ | C34: 6 | D34: 1100 | E34: - | G34: BOB 6656 LNE38 6,0(-0,00/+0,30 MTH)X1000 | H34: - | L34: USIMINAS | M34: ANCHIETA / MBB | N34: MBB Travessas 72 | O34: B | P34: Diadema | Q34: Diadema | R34: Diadema | S34: Ferrolene | T34: 15.53772 | U34: 15.34104 | V34: 19.47132 | W34: 18.88128 | X34: 18.88128 | Y34: =AVERAGE(T34:X34) -> 17.622528 | Z34: X | AA34: X | AB34: X | AC34: X | AD34: X | AE34: X | AF34: X | AG34: =COUNTIF(Z34:AF34,"X")/7 -> 1 | AH34: =IF(AG34=100%,Y34," ") -> 17.622528 | AI34: 2 | AJ34: VW000166AA / MB000072Z | AK34: 0
A35: SLF0200TH0400 | B35: SLF | C35: 1.75 | D35: 300 | E35: 164 | F35: 0.075 | G35: BOB VW 50065 CR380LA UC-U-O 2,00X1200MM | H35: 34025662 | L35: SOLUÇÕES USIMINAS | M35: JARINU | N35: Nivus | O35: B | P35: Diadema | Q35: Diadema | R35: Diadema | S35: Diadema | T35: 14.9532 | U35: 17.592 | V35: 17.94384 | W35: 17.94384 | X35: 16.53648 | Y35: =AVERAGE(T35:X35) -> 16.993872 | Z35: X | AA35: X | AB35: X | AC35: X | AD35: X | AE35: X | AF35: X | AG35: =COUNTIF(Z35:AF35,"X")/7 -> 1 | AH35: =IF(AG35=100%,Y35," ") -> 16.993872 | AI35: 2 | AJ35: DJ000079Z / 080Z | AK35: 14192.72 | AM35: Redução da largura do slitter de 400mm para 366mm | AN35: 46235 | AO35: Sim
A36: BOF0090UQ1100 | B36: BF | C36: 0.7 | D36: 300 | E36: 150 | F36: 0.045 | G36: GMW3399M-ST-S-CR980T/700Y-MP-LCE-UNC | H36: - | L36: USIMINAS | M36: GM/JARINU | N36: TRACKER | O36: B | P36: Diadema | Q36: Diadema | R36: Diadema | S36: Diadema | T36: 12.315858 | U36: 14.371656 | V36: 24.588808 | W36: 13.912288 | X36: 15.618512 | Y36: =AVERAGE(T36:X36) -> 16.161424 | AG36: =COUNTIF(Z36:AF36,"X")/7 -> 0 | AH36: =IF(AG36=100%,Y36," ") | AI36: 3 | AJ36: DJ000057Z / DJ000058Z / DJ000228Z | AK36: 0
A37: BOF0060HZ1050 | B37: BF | G37: GMW2M-ST-S-CR2-UNCOATED-U 0,60X1100 | H37: - | L37: USIMINAS | M37: GM | N37: TRACKER | O37: B | P37: Diadema | Q37: Diadema | R37: Diadema | S37: Diadema | T37: 12.4568 | U37: 15.7064 | V37: 18.4144 | W37: 15.1648 | X37: 15.7064 | Y37: =AVERAGE(T37:X37) -> 15.48976 | AG37: =COUNTIF(Z37:AF37,"X")/7 -> 0 | AH37: =IF(AG37=100%,Y37," ") | AI37: 4 | AJ37: GM000432Z / GM000433Z / GM000446Z / GM000447Z | AK37: 0
A38: BOQ0600DW1050 | B38: BQ | G38: BOB NBR6656 LNE280 6,00X1050MM | H38: - | L38: USIMINAS | M38: MERCEDES | N38: Console | O38: B | P38: Diadema | Q38: Diadema | R38: Diadema | S38: Ferrolene | T38: 11.44408 | U38: 12.0464 | V38: 14.68155 | W38: 14.68155 | X38: 18.604159 | Y38: =AVERAGE(T38:X38) -> 14.291548 | Z38: X | AA38: X | AB38: X | AC38: X | AD38: X | AE38: X | AF38: X | AG38: =COUNTIF(Z38:AF38,"X")/7 -> 1 | AH38: =IF(AG38=100%,Y38," ") -> 14.291548 | AI38: 4 | AJ38: DA000198Z / DA000199Z / DA000200Z / DA000229Z | AK38: 0
A39: BOQ0475EE1230 | B39: BQ | C39: 4.75 | D39: 1230 | E39: - | G39: CH NBR6656 LNE50 D/O | H39: - | J39: 69 | K39: 23 | L39: ARCELOR | M39: ANCHIETA | N39: MBB | O39: B | P39: Diadema | Q39: Diadema | R39: Diadema | S39: Ferrolene | T39: 12.8765 | U39: 12.38236 | V39: 16.1069 | W39: 13.1872 | X39: 15.9889 | Y39: =AVERAGE(T39:X39) -> 14.108372 | Z39: X | AA39: X | AB39: X | AC39: X | AD39: X | AE39: X | AF39: X | AG39: =COUNTIF(Z39:AF39,"X")/7 -> 1 | AH39: =IF(AG39=100%,Y39," ") -> 14.108372 | AI39: 13 | AJ39: VB000346LA / DA000480Z / MB003597LA / MB003598LA / MB003594LA / MB003595LA / MB003607LA / MB003608LA / MB002301LA / MB003563Z / MB003564Z / MB003540Z / MB003541Z | AK39: 2486.5 | AM39: Redução do peso bruto das peças cortadas na máquina laser (Aumento de peças / chapa) | AN39: 46113 | AO39: Sim
A40: BOQ0300BF1450 | B40: BQ | C40: 3 | D40: 1450 | E40: - | G40: BOB EN10149-2 S355MC 3,00X1500 MTL D/O | H40: - | L40: USIMINAS | M40: ANCHIETA / SCANIA | N40: Mundguard / Front Module /New Mundguard | O40: B | P40: Diadema | Q40: Diadema | R40: Diadema | S40: Ferrolene | T40: 5.50615 | U40: 14.867388 | V40: 18.702372 | W40: 14.355246 | X40: 16.549896 | Y40: =AVERAGE(T40:X40) -> 13.99621 | AG40: =COUNTIF(Z40:AF40,"X")/7 -> 0 | AH40: =IF(AG40=100%,Y40," ") | AI40: 5 | AJ40: DA000450AA / DA000451AA / DA000526LC / 526LF / 526LG | AK40: 0
A41: BOZ0120IC1100 | B41: BZ | C41: 1.2 | D41: 1100 | E41: - | G41: GMW3032M-STS-CR420LAHD60G60-GU | H41: - | L41: USIMINAS | M41: GM | N41: SPIN | O41: B | P41: Diadema | Q41: Diadema | R41: Diadema | S41: Diadema | T41: 10.476078 | U41: 11.337382 | V41: 17.497578 | W41: 14.41748 | X41: 15.363042 | Y41: =AVERAGE(T41:X41) -> 13.818312 | AG41: =COUNTIF(Z41:AF41,"X")/7 -> 0 | AH41: =IF(AG41=100%,Y41," ") | AI41: 8 | AJ41: GM000065AY / GM000066AY / GM000218Z / GM000219Z / GM000359AA / GM000364Z / GM000463Z / VW000154AB | AK41: 0
A42: CHF0200JI04500306 | B42: BF | C42: 2 | D42: 900 | E42: - | G42: BOB EN10130 DC01 AO 2,00X900MM M10441438 | H42: M10441438 | L42: VW - GONVARRI | M42: VW-SBC | N42: Saveiro | O42: B | P42: Diadema | Q42: Diadema | R42: Diadema | S42: Diadema | T42: 12.032906 | U42: 15.0972 | V42: 16.41 | W42: 5.2512 | X42: 17.0664 | Y42: =AVERAGE(T42:X42) -> 13.171541 | AG42: =COUNTIF(Z42:AF42,"X")/7 -> 0 | AH42: =IF(AG42=100%,Y42," ") | AI42: 2 | AJ42: VW000587Z / VW000588Z | AK42: 0
A43: CHF0100AK11001490 | B43: BF | C43: 1 | D43: 1100 | E43: - | G43: DIN EN10130 DC04 1,00X1100mm | H43: - | L43: USIMINAS / GONVARRI | M43: MERCEDES | N43: Pisador | O43: B | P43: Diadema | Q43: Diadema | R43: Diadema | S43: Diadema | T43: 11.2629 | U43: 11.9455 | V43: 14.50525 | W43: 13.652 | X43: 13.652 | Y43: =AVERAGE(T43:X43) -> 13.00353 | AG43: =COUNTIF(Z43:AF43,"X")/7 -> 0 | AH43: =IF(AG43=100%,Y43," ") | AI43: 2 | AJ43: DA000203Z / DA000204Z | AK43: 0
A44: BOQ0375PQ0880 | B44: BQ | C44: 3.75 | D44: 880 | E44: - | F44: MTH | G44: EN10149-2 S460MC 3,75MTHx830 | H44: - | L44: USIMINAS | M44: FERRAZ | N44: Suporte do tanque (Scania) | O44: B | P44: Jarinu | Q44: Diadema | R44: Diadema | S44: Diadema | T44: 7.2131 | U44: 11.0318 | V44: 15.44452 | W44: 13.74732 | X44: 16.46284 | Y44: =AVERAGE(T44:X44) -> 12.779916 | Z44: X | AA44: X | AB44: X | AC44: X | AD44: X | AE44: X | AF44: X | AG44: =COUNTIF(Z44:AF44,"X")/7 -> 1 | AH44: =IF(AG44=100%,Y44," ") -> 12.779916 | AI44: 2 | AJ44: DA000491AA / DA000492AA | AK44: 4345.75 | AM44: Redução de 20mm no blank (0,52kg)/peça | AN44: 46143 | AO44: Sim
A45: BOZ0065ZH1050 | B45: BZ | C45: 0.65 | D45: 1050 | E45: - | G45: GMW2M / ST-S-CR3-HD50G50GU#0,65x1050 | H45: - | L45: USIMINAS | M45: GM/JARINU | O45: B | P45: Sul | Q45: Sul | R45: Diadema | S45: Diadema | T45: 6.9278 | U45: 12.47004 | V45: 19.39784 | W45: 11.08448 | X45: 13.8556 | Y45: =AVERAGE(T45:X45) -> 12.747152 | Z45: X | AA45: X | AB45: X | AC45: X | AD45: X | AE45: X | AF45: X | AG45: =COUNTIF(Z45:AF45,"X")/7 -> 1 | AH45: =IF(AG45=100%,Y45," ") -> 12.747152 | AI45: 2 | AJ45: GM000458Z / 459Z | AK45: 17261.61 | AM45: Reduzir 20mm no passo do blank, de 190mm para 170mm (10mm / peça). | AN45: 46143 | AO45: Sim
A46: BLZ0140SI02870460 | B46: BLZ | C46: 1.4 | D46: 287 | E46: 460 | G46: BLZ CR300LA GI40/40U 1,40X287X460BX257B | H46: - | L46: GONVARRI | M46: VW | N46: VW-246 | O46: C | P46: Diadema | Q46: Diadema | R46: Diadema | S46: Diadema | T46: 13.2468 | U46: 10.458 | V46: 14.2926 | W46: 10.8066 | X46: 10.8066 | Y46: =AVERAGE(T46:X46) -> 11.92212 | AG46: =COUNTIF(Z46:AF46,"X")/7 -> 0 | AH46: =IF(AG46=100%,Y46," ") | AI46: 4 | AJ46: VW001243AA / 1244AA / VW001352Z / 1354Z | AK46: 0
A47: BOQ0300BF1100 | B47: BQ | C47: 3 | D47: 1100 | E47: - | G47: BOB EN10149-2 S355MC 3,00X1100 MTL D/O | H47: - | L47: USIMINAS | M47: ANCHIETA / SCANIA | N47: Front Module /New Mundguard | O47: B | P47: Diadema | Q47: Diadema | R47: Diadema | S47: Ferrolene | T47: 7.3853 | U47: 11.971935 | V47: 15.045051 | W47: 11.743664 | X47: 13.136912 | Y47: =AVERAGE(T47:X47) -> 11.856572 | AG47: =COUNTIF(Z47:AF47,"X")/7 -> 0 | AH47: =IF(AG47=100%,Y47," ") | AI47: 6 | AJ47: SV000684AA / DA000448AA / SV000681LA / SV000682LA / DA000448AA / DA000449AA | AK47: 0
A48: CHF0100TF03250720 | B48: CHF | C48: 1 | D48: 325 | E48: 720 | G48: VW50065 CR240LA - UC-U-O 1,00X1300MM | H48: 34025699 | L48: SOLUÇÕES USIMINAS | M48: VW | N48: Nivus | O48: C | P48: Diadema | Q48: Diadema | R48: Sul | S48: Diadema | T48: 10.255728 | U48: 11.456144 | V48: 12.239024 | W48: 10.542784 | X48: 10.490592 | Y48: =AVERAGE(T48:X48) -> 10.996854 | Z48: X | AA48: X | AB48: X | AC48: X | AD48: X | AE48: X | AF48: X | AG48: =COUNTIF(Z48:AF48,"X")/7 -> 1 | AH48: =IF(AG48=100%,Y48," ") -> 10.996854 | AI48: 1 | AJ48: DD000504/505Z | AK48: =36547.64/12 -> 3045.6367 | AM48: Em análise de custos | AN48: 46266
A49: SLZ0250CO0200 | B49: SLZ | C49: 2.5 | D49: 200 | E49: - | G49: BOB EN10346 DX54D Z100 | H49: 34025652 | L49: SOLUÇÕES USIMINAS | M49: VW-SBC | N49: Saveiro | O49: C | P49: Diadema | Q49: Diadema | R49: Diadema | S49: Diadema | T49: 9.504 | U49: 11.088 | V49: 11.088 | W49: 6.336 | X49: 10.296 | Y49: =AVERAGE(T49:X49) -> 9.6624 | AG49: =COUNTIF(Z49:AF49,"X")/7 -> 0 | AH49: =IF(AG49=100%,Y49," ") | AI49: 1 | AJ49: VW000578Z | AK49: 0
A50: CHF0120AI11000365 | B50: BF | C50: 1.2 | D50: 1100 | E50: - | G50: BOF NBR5915 EP 1,20X1100mm | H50: - | L50: GONVARRI | M50: MERCEDES | N50: Anel | O50: C | P50: Diadema | Q50: Diadema | R50: Diadema | S50: Diadema | T50: 7.157284 | U50: 7.5461 | V50: 10.1041 | W50: 8.8251 | X50: 8.953 | Y50: =AVERAGE(T50:X50) -> 8.5171168 | AG50: =COUNTIF(Z50:AF50,"X")/7 -> 0 | AH50: =IF(AG50=100%,Y50," ") | AI50: 2 | AJ50: DA000226Z / DA000227Z | AK50: 0
A51: SLZ0100TD0550 | B51: SLZ | C51: 1 | D51: 550 | E51: - | G51: SLZ VW50065 CR240LA GI40/40-U-O 1,00X55 | H51: - | L51: CSN-GALVASUD | M51: JARINU | N51: VW-246 | O51: C | P51: Diadema | Q51: Diadema | R51: Diadema | S51: Diadema | T51: 7.8285 | U51: 7.14 | V51: 8.0342 | W51: 10.2646 | X51: 8.0342 | Y51: =AVERAGE(T51:X51) -> 8.2603 | AG51: =COUNTIF(Z51:AF51,"X")/7 -> 0 | AH51: =IF(AG51=100%,Y51," ") | AI51: 2 | AJ51: DJ000230Z / DJ000231Z | AK51: 0
A52: BOZ0120HV1100 | B52: BZ | C52: 1.2 | D52: 1100 | E52: - | G52: GMW2M-ST-S-CR3-HD60G60G-U 1,20X1100 | H52: - | L52: USIMINAS | M52: GM | N52: ONIX (HB)/ONIX PLUS (NB) | O52: C | P52: Diadema | Q52: Diadema | R52: Diadema | S52: Ferrolene | T52: 3.8148 | U52: 7.6296 | V52: 12.1176 | W52: 8.0784 | X52: 8.976 | Y52: =AVERAGE(T52:X52) -> 8.12328 | AG52: =COUNTIF(Z52:AF52,"X")/7 -> 0 | AH52: =IF(AG52=100%,Y52," ") | AI52: 2 | AJ52: GM000404Z / GM000405Z | AK52: 0
A53: CHZ0120VS03000470 | B53: CHZ | C53: 1.2 | D53: 300 | E53: 470 | G53: VW50065-CR300LA-GI40/4 | H53: 34025697 | L53: SOLUÇÕES USIMINAS | M53: VW-SBC | N53: Nivus | O53: C | P53: Diadema | Q53: Diadema | R53: Sul | S53: Diadema | T53: 6.37174 | U53: 8.200616 | V53: 8.763142 | W53: 7.538115 | X53: 7.498125 | Y53: =AVERAGE(T53:X53) -> 7.6743476 | Z53: X | AA53: X | AB53: X | AC53: X | AD53: X | AE53: X | AF53: X | AG53: =COUNTIF(Z53:AF53,"X")/7 -> 1 | AH53: =IF(AG53=100%,Y53," ") -> 7.6743476 | AI53: 1 | AJ53: DD000506Z | AK53: =28059.44/12 -> 2338.2867 | AM53: Em análise de custos | AN53: 46266
A54: BOQ0400EB1250 | B54: BQ | C54: 4 | D54: 1250 | E54: - | G54: BOB NBR6656 LNE28 4,00X1250 | H54: - | L54: USIMINAS | M54: ANCHIETA /MAN | N54: Ralo Grosso | O54: C | P54: Jarinu | Q54: Diadema | R54: Diadema | S54: Ferrolene | T54: 5.388512 | U54: 6.6924 | V54: 7.8078 | W54: 7.8078 | X54: 7.8078 | Y54: =AVERAGE(T54:X54) -> 7.1008624 | AG54: =COUNTIF(Z54:AF54,"X")/7 -> 0 | AH54: =IF(AG54=100%,Y54," ") | AI54: 2 | AJ54: VW001146AA / VW001147AA | AK54: 0
A55: BOQ0150DV1000 | B55: BQ | C55: 1.5 | D55: 1000 | E55: - | G55: NBR5906 EM | H55: - | L55: USIMINAS | M55: ANCHIETA / MBB | N55: Estribo | O55: C | P55: Diadema | Q55: Diadema | R55: Diadema | S55: Diadema | T55: 5.791968 | U55: 6.43552 | V55: 8.0444 | W55: 7.38192 | X55: 7.5712 | Y55: =AVERAGE(T55:X55) -> 7.0450016 | AG55: =COUNTIF(Z55:AF55,"X")/7 -> 0 | AH55: =IF(AG55=100%,Y55," ") | AI55: 3 | AJ55: DA000261Z / DA000262Z / DA000525LJ | AK55: 0
A56: BOQ0600LA1050 | B56: BQ | C56: 1.8 | D56: 466 | E56: 185 | F56: 0.085 | G56: BOQ NBR6656 LNE50 6,00X1050 MTL D/O | H56: - | L56: ARCELOR | M56: ANCHIETA | N56: MBB | O56: C | P56: Diadema | Q56: Diadema | R56: Diadema | S56: Ferrolene | T56: 5.93274 | U56: 6.21344 | V56: 7.53972 | W56: 7.20288 | X56: 6.56632 | Y56: =AVERAGE(T56:X56) -> 6.69102 | Z56: X | AA56: X | AB56: X | AC56: X | AD56: X | AE56: X | AF56: X | AG56: =COUNTIF(Z56:AF56,"X")/7 -> 1 | AH56: =IF(AG56=100%,Y56," ") -> 6.69102 | AI56: 2 | AJ56: MB002289Z / MB002290Z | AK56: 4425.2 | AM56: Redução de 146g do peso bruto por peça (comprimento de 1540 para 2690) | AN56: 46143 | AO56: Sim
A57: CHZ0120VS03250315 | B57: CHZ | C57: 1.2 | D57: 325 | E57: 315 | G57: VW50065-CR300LA-GI40/4 | H57: 34025698 | L57: SOLUÇÕES USIMINAS | M57: VW-SBC | N57: Nivus | O57: C | P57: Diadema | Q57: Diadema | R57: Diadema | S57: SUL | T57: 5.368242 | U57: 6.016656 | V57: 6.429372 | W57: 5.53059 | X57: 5.50125 | Y57: =AVERAGE(T57:X57) -> 5.769222 | Z57: X | AA57: X | AB57: X | AC57: X | AD57: X | AE57: X | AF57: X | AG57: =COUNTIF(Z57:AF57,"X")/7 -> 1 | AH57: =IF(AG57=100%,Y57," ") -> 5.769222 | AI57: 1 | AJ57: DD000507Z | AK57: =23141.16/12 -> 1928.43 | AM57: Em análise de custos | AN57: 46266
A58: BOF0120OO1100 | B58: BF | C58: 1.2 | D58: 1100 | E58: - | G58: GMW3032M-ST-S-420LA-UNCOATED-U 1,20X1100 | H58: - | L58: USIMINAS | M58: GM/JARINU | N58: TRACKER | O58: C | P58: Diadema | Q58: Diadema | R58: Diadema | S58: Ferrolene | T58: 2.1156 | U58: 5.602896 | V58: 9.586128 | W58: 5.423808 | X58: 6.088992 | Y58: =AVERAGE(T58:X58) -> 5.7634848 | AG58: =COUNTIF(Z58:AF58,"X")/7 -> 0 | AH58: =IF(AG58=100%,Y58," ") | AI58: 2 | AJ58: DJ000089Z / DJ000090Z | AK58: 0
A59: SLZ0070QH0800 | B59: SLZ | C59: 0.7 | D59: 800 | E59: - | G59: VW 50065 CR4 GI40/40 -U-O 0,70X800MM | H59: 34025669 | L59: SOLUÇÕES USIMINAS | M59: JARINU | N59: Nivus | O59: C | P59: Diadema | Q59: Diadema | R59: Diadema | S59: Diadema | T59: 3.7522 | U59: 6.25024 | V59: 6.266688 | W59: 6.266688 | X59: 5.773248 | Y59: =AVERAGE(T59:X59) -> 5.6618128 | AG59: =COUNTIF(Z59:AF59,"X")/7 -> 0 | AH59: =IF(AG59=100%,Y59," ") | AI59: 2 | AJ59: DJ000075Z / DJ000076Z | AK59: 0
A60: CHQ0300EB11501520 | B60: CHQ | C60: 3 | D60: 1150 | E60: 1520 | F60: ±0,25 | G60: CHQ NBR6656 LNE280-J1 3,00X1150X1520 D/O | H60: - | L60: GONVARRI | M60: ANCHIETA | O60: C | P60: Diadema | Q60: Diadema | R60: Diadema | S60: Diadema | T60: 4.653492 | U60: 4.83665 | V60: 6.08753 | W60: 5.78342 | X60: 5.68465 | Y60: =AVERAGE(T60:X60) -> 5.4091484 | Z60: X | AA60: X | AB60: X | AC60: X | AD60: X | AE60: X | AF60: X | AG60: =COUNTIF(Z60:AF60,"X")/7 -> 1 | AH60: =IF(AG60=100%,Y60," ") -> 5.4091484 | AI60: 3 | AJ60: MB002446LA / MB003670LA / MB003671LA | AK60: 11009.71 | AM60: Redução no peso bruto conforme programa elaborado no software AlmaCAM. Redução na largura do blank. Aguardando retorno de compras referente à MP. (Previsão de ganho mensal: R$1.642,21)
A61: CHQ0200AT12501280 | B61: BQ | C61: 2 | D61: 1250 | E61: - | G61: BOQ NBR6656 LNE50 2,00X1250 D/O | H61: - | L61: USIMINAS / GONVARRI | M61: ANCHIETA / FAURECIA / VOLVO | N61: Diversos | O61: C | P61: Diadema | Q61: Diadema | R61: Diadema | S61: Ferrolene | T61: 6.227978 | U61: 4.80741 | V61: 5.06727 | W61: 5.32713 | X61: 5.58699 | Y61: =AVERAGE(T61:X61) -> 5.4033556 | Z61: X | AA61: X | AB61: X | AC61: X | AD61: X | AE61: X | AF61: X | AG61: =COUNTIF(Z61:AF61,"X")/7 -> 1 | AH61: =IF(AG61=100%,Y61," ") -> 5.4033556 | AI61: 1 | AJ61: DA000518Z | AK61: 4586.75 | AM61: Aumentar a largura da bobina de 1100 para 1250, eliminando sobra (retalho). | AN61: 46054 | AO61: Sim
A62: BOF0120HY1300 | B62: BF | C62: 1.2 | D62: 1300 | E62: - | G62: BOB1,2X1300 GMW3032M-ST-S-CR340 LA UNC. | H62: - | L62: USIMINAS | M62: GM/JARINU | N62: TRACKER | O62: C | P62: Diadema | Q62: Diadema | R62: Diadema | S62: Ferrolene | T62: 1.908028 | U62: 5.2212 | V62: 8.987792 | W62: 5.038 | X62: 5.64256 | Y62: =AVERAGE(T62:X62) -> 5.359516 | AG62: =COUNTIF(Z62:AF62,"X")/7 -> 0 | AH62: =IF(AG62=100%,Y62," ") | AI62: 2 | AJ62: DJ000087Z / DJ000088Z | AK62: 0
A63: SLZ0120ZG0525 | B63: SLZ | C63: 1.2 | D63: 525 | E63: - | G63: W50065 CR240LA GI60/60-U 1,20X525MM | H63: 34025388 | L63: SOLUÇÕES USIMINAS | M63: JARINU | N63: POLO / VIRTUS PA | O63: C | P63: Diadema | Q63: Diadema | R63: Diadema | S63: Diadema | T63: 4.342995 | U63: 5.562 | V63: 5.582085 | W63: 3.110085 | X63: 5.582085 | Y63: =AVERAGE(T63:X63) -> 4.83585 | AG63: =COUNTIF(Z63:AF63,"X")/7 -> 0 | AH63: =IF(AG63=100%,Y63," ") | AI63: 1 | AJ63: VW001039AA | AK63: 0
A64: BOZ0120HU1200 | B64: BZ | C64: 1.2 | D64: 1200 | E64: - | G64: GMW2M-ST-S-CR2-HD60G60G- | H64: - | L64: USIMINAS | M64: GM/JARINU | N64: ONIX (HB)/ONIX PLUS (NB) | O64: C | P64: Diadema | Q64: Diadema | R64: Diadema | S64: Ferrolene | T64: 4.19728 | U64: 4.08384 | V64: 6.91984 | W64: 3.91368 | X64: 4.42416 | Y64: =AVERAGE(T64:X64) -> 4.70776 | AG64: =COUNTIF(Z64:AF64,"X")/7 -> 0 | AH64: =IF(AG64=100%,Y64," ") | AI64: 1 | AJ64: DJ000220Z | AK64: 0
A65: CHE0100VR02500415 | B65: BEG | C65: 1.2 | D65: 316 | E65: 145 | F65: 0.045 | G65: VW50065 - CR3-GI40/40 | H65: 34029202 | L65: VW - SU | M65: VW-SBC | N65: Saveiro | O65: C | P65: Diadema | Q65: Diadema | R65: Diadema | S65: Diadema | T65: 4.82484 | U65: 5.3568 | V65: 5.3568 | W65: 2.976 | X65: 4.7616 | Y65: =AVERAGE(T65:X65) -> 4.655208 | AG65: =COUNTIF(Z65:AF65,"X")/7 -> 0 | AH65: =IF(AG65=100%,Y65," ") | AI65: 1 | AJ65: VW000985AA | AK65: 0
A66: BOZ0060HU1100 | B66: BZ | C66: 0.7 | D66: 275 | E66: 164.5 | F66: 0.04 | G66: GMW2M-ST-S-CR2-HD60G60G- | H66: - | L66: USIMINAS | M66: GM | N66: ONIX (HB)/ONIX PLUS (NB) | O66: C | P66: Diadema | Q66: Diadema | R66: Diadema | S66: Ferrolene | T66: 1.7596 | U66: 5.088 | V66: 7.7592 | W66: 4.346 | X66: 3.9856 | Y66: =AVERAGE(T66:X66) -> 4.58768 | AG66: =COUNTIF(Z66:AF66,"X")/7 -> 0 | AH66: =IF(AG66=100%,Y66," ") | AI66: 3 | AJ66: GM000423Z / GM000432Z / GM000447Z | AK66: 0
A67: CHZ0250CO01500260 | B67: CHZ | C67: 0.7 | G67: BOB EN10346 DX54D Z100 | H67: 34025708 | L67: SOLUÇÕES USIMINAS | M67: VW-SBC | N67: Saveiro | O67: C | P67: Diadema | Q67: Diadema | R67: Diadema | S67: Diadema | T67: 3.566352 | U67: 5.835 | V67: 5.2515 | W67: 2.334 | X67: 5.835 | Y67: =AVERAGE(T67:X67) -> 4.5643704 | AG67: =COUNTIF(Z67:AF67,"X")/7 -> 0 | AH67: =IF(AG67=100%,Y67," ") | AI67: 2 | AJ67: VW000575Z / VW000576Z | AK67: 0
A68: BOF0100HZ1200 | B68: BF | C68: 1 | D68: 1200 | E68: - | G68: GMW2M-ST-S-CR2/UNCOATED #1,00X400 | H68: - | L68: USIMINAS | M68: GM | N68: ONIX (HB)/ONIX PLUS (NB) | O68: C | P68: Diadema | Q68: Sul | R68: Diadema | S68: Ferrolene | T68: 1.144 | U68: 4.576 | V68: 7.3216 | W68: 4.1184 | X68: 5.0336 | Y68: =AVERAGE(T68:X68) -> 4.43872 | AG68: =COUNTIF(Z68:AF68,"X")/7 -> 0 | AH68: =IF(AG68=100%,Y68," ") | AI68: 2 | AJ68: GM000412AA / GM000413AA | AK68: 0
A69: BOF0060JG1100 | B69: BF | C69: 1.2 | D69: 900 | E69: 400 | F69: 0.045 | G69: BOB GMW3032MSTS CR300LA 0,60X1100 MM | H69: - | L69: LEALFER / DISTRIBUIÇÃO | M69: GM | N69: SPIN | O69: C | P69: Diadema | Q69: Diadema | R69: Diadema | S69: Diadema | T69: 2.63 | U69: 4.208 | V69: 5.786 | W69: 4.208 | X69: 4.734 | Y69: =AVERAGE(T69:X69) -> 4.3132 | AG69: =COUNTIF(Z69:AF69,"X")/7 -> 0 | AH69: =IF(AG69=100%,Y69," ") | AI69: 1 | AJ69: GM000215Z | AK69: 0
A70: SLZ0120TD0450 | B70: SLZ | C70: 1.2 | D70: 450 | E70: - | G70: VW50065-CR240LA-GI40/40 1,20X1350MM | H70: 34025385 | L70: SOLUÇÕES USIMINAS | M70: JARINU | N70: Nivus | O70: C | P70: Diadema | Q70: Diadema | R70: Diadema | S70: Diadema | T70: 4.1118 | U70: 4.158 | V70: 4.158 | W70: 3.564 | X70: 4.158 | Y70: =AVERAGE(T70:X70) -> 4.02996 | AG70: =COUNTIF(Z70:AF70,"X")/7 -> 0 | AH70: =IF(AG70=100%,Y70," ") | AI70: 2 | AJ70: DJ000083Z / DJ000084Z | AK70: 0
A71: BOQ0400BF1100 | B71: BQ | C71: 4 | D71: 1100 | E71: - | G71: EN10149-2 S355MC 4,00x1100 MTL D/O | H71: - | L71: USIMINAS | M71: ANCHIETA | N71: New Mundguard SCANA | O71: C | P71: Jarinu | Q71: Diadema | R71: Diadema | S71: Ferrolene | T71: 1.4886 | U71: 4.048992 | V71: 5.06124 | W71: 3.87036 | X71: 4.4658 | Y71: =AVERAGE(T71:X71) -> 3.7869984 | AG71: =COUNTIF(Z71:AF71,"X")/7 -> 0 | AH71: =IF(AG71=100%,Y71," ") | AI71: 4 | AJ71: DA000450AB / DA000451AD / DA000014Z | AK71: 0
A72: CHQ0200OP01000190 | B72: CHQ | C72: 0.7 | D72: 650 | E72: 847 | F72: 0.04 | G72: DIN EN10111 DD13 | H72: 34025695 | L72: SOLUÇÕES USIMINAS | M72: VW-SBC | N72: Saveiro | O72: C | P72: Diadema | Q72: Diadema | R72: Diadema | S72: Diadema | T72: 3.8656 | U72: 4.1072 | V72: 4.5904 | W72: 1.5704 | X72: 4.7112 | Y72: =AVERAGE(T72:X72) -> 3.76896 | AG72: =COUNTIF(Z72:AF72,"X")/7 -> 0 | AH72: =IF(AG72=100%,Y72," ") | AI72: 1 | AJ72: VW000832AB | AK72: 0
A73: SLZ0120UL0575 | B73: SLZ | C73: 1.2 | D73: 575 | E73: - | G73: VW50065 - CR2 -GI40/40-U 1,20X575MM | H73: 34025389 | L73: SOLUÇÕES USIMINAS | M73: JARINU | N73: POLO / VIRTUS PA | O73: C | P73: Diadema | Q73: Diadema | R73: Diadema | S73: Diadema | T73: 0.31372 | U73: 3.92832 | V73: 3.92832 | W73: 4.58304 | X73: 5.89248 | Y73: =AVERAGE(T73:X73) -> 3.729176 | AG73: =COUNTIF(Z73:AF73,"X")/7 -> 0 | AH73: =IF(AG73=100%,Y73," ") | AI73: 2 | AJ73: DJ000216Z / DJ000217Z | AK73: 0
A74: CHF0150SF02200230 | B74: CHF | C74: 1.5 | D74: 220 | E74: 230 | G74: DIN EN10130 DC01 1,50X220X230MM | H74: 34028132 | L74: SOLUÇÕES USIMINAS | M74: VW-SBC | N74: Saveiro | O74: C | P74: Diadema | Q74: Diadema | R74: Diadema | S74: Diadema | T74: 3.733928 | U74: 4.225584 | V74: 4.25216 | W74: 2.538008 | X74: 3.780436 | Y74: =AVERAGE(T74:X74) -> 3.7060232 | Z74: X | AA74: X | AB74: X | AC74: X | AD74: X | AE74: X | AF74: X | AG74: =COUNTIF(Z74:AF74,"X")/7 -> 1 | AH74: =IF(AG74=100%,Y74," ") -> 3.7060232 | AI74: 2 | AJ74: VW000630AA / VW000631AA | AK74: 0
A75: CHQ0265DX12002000 | B75: CHQ | C75: 2.65 | D75: 1200 | E75: 2000 | G75: CH NBR5906 LQ EPA D/O 2,65X1200X2000 | H75: - | L75: SETEFER / DISTRIBUIÇÃO | M75: ANCHIETA | O75: C | P75: Diadema | Q75: Diadema | R75: Diadema | S75: Diadema | T75: 2.483892 | U75: 3.2916 | V75: 4.9374 | W75: 3.72204 | X75: 3.38022 | Y75: =AVERAGE(T75:X75) -> 3.5630304 | AG75: =COUNTIF(Z75:AF75,"X")/7 -> 0 | AH75: =IF(AG75=100%,Y75," ") | AI75: 1 | AJ75: MB001366AC | AK75: 0
A76: BOE0100SV1300 | B76: BEG | C76: 1 | D76: 1300 | E76: - | G76: BOB USI-GALVE EEP 1,00X1300MM | H76: - | L76: USIMINAS | M76: RENAULT | N76: Motor 1.0 | O76: C | P76: Diadema | Q76: Diadema | R76: Diadema | S76: Diadema | T76: 2.5578 | U76: 2.1924 | V76: 4.5675 | W76: 4.2021 | X76: 4.2021 | Y76: =AVERAGE(T76:X76) -> 3.54438 | Z76: X | AA76: X | AB76: X | AC76: X | AD76: X | AE76: X | AF76: X | AG76: =COUNTIF(Z76:AF76,"X")/7 -> 1 | AH76: =IF(AG76=100%,Y76," ") -> 3.54438 | AI76: 1 | AJ76: RN000013AA | AK76: 0
A77: CHQ0265AP12002000 | B77: CHQ | C77: 2.65 | D77: 1200 | E77: 2000 | G77: CH ACO LNE26 2,65X1200X2000 D/O | H77: - | L77: SETEFER / DISTRIBUIÇÃO | M77: ANCHIETA | O77: C | P77: Diadema | Q77: Diadema | R77: Diadema | S77: Diadema | T77: 2.438532 | U77: 3.17178 | V77: 4.77576 | W77: 3.618 | X77: 3.27429 | Y77: =AVERAGE(T77:X77) -> 3.4556724 | AG77: =COUNTIF(Z77:AF77,"X")/7 -> 0 | AH77: =IF(AG77=100%,Y77," ") | AI77: 2 | AJ77: MB001366AA / MB001366AB | AK77: 0
A78: BOQ0300JU1220 | B78: CHQ | C78: 3 | D78: 1220 | E78: 1750 | G78: CH S275JR D/O 3,0+0,05/-0,25X1220X1750 | H78: - | L78: USIMINAS | M78: ANCHIETA / MAN /MBB / VOLVO | N78: Diversos | O78: C | P78: Diadema | Q78: Diadema | R78: Diadema | S78: Ferrolene | T78: 2.901812 | U78: 2.86679 | V78: 3.72512 | W78: 3.41729 | X78: 3.33479 | Y78: =AVERAGE(T78:X78) -> 3.2491604 | Z78: X | AA78: X | AB78: X | AC78: X | AD78: X | AE78: X | AF78: X | AG78: =COUNTIF(Z78:AF78,"X")/7 -> 1 | AH78: =IF(AG78=100%,Y78," ") -> 3.2491604 | AJ78: MB003673LD / VB000323LA | AK78: 388.86 | AM78: Redução do peso bruto das peças cortadas na máquina laser (Aumento de peças / chapa) | AN78: 46113 | AO78: Sim
A79: SLQ0190EA0178 | B79: BQ | C79: 1.9 | D79: 1000 | E79: - | G79: NBR6656 LNE26 | H79: - | L79: LEALFER / DISTRIBUIÇÃO | M79: ANCHIETA | N79: Ralo Fino + parachoque central | O79: C | P79: Diadema | Q79: Diadema | R79: Diadema | S79: Diadema | T79: 3.592 | U79: 2.1552 | V79: 3.2328 | W79: 3.2328 | X79: 3.2328 | Y79: =AVERAGE(T79:X79) -> 3.08912 | AG79: =COUNTIF(Z79:AF79,"X")/7 -> 0 | AH79: =IF(AG79=100%,Y79," ") | AI79: 1 | AJ79: DA000202Z | AK79: 0
A80: BOQ0400EJ1350 | B80: CHQ | C80: 4 | D80: 1350 | E80: 1850 | G80: CH EN10025 S275JR 4,00X1350X1850 | H80: - | L80: USIMINAS | M80: ANCHIETA/ MBB / VOLVO | N80: Diversos | O80: C | P80: Diadema | Q80: Diadema | R80: Diadema | S80: Ferrolene | T80: 1.959264 | U80: 2.6235 | V80: 3.18529 | W80: 2.90094 | X80: 3.66295 | Y80: =AVERAGE(T80:X80) -> 2.8663888 | Z80: X | AA80: X | AB80: X | AC80: X | AD80: X | AE80: X | AF80: X | AG80: =COUNTIF(Z80:AF80,"X")/7 -> 1 | AH80: =IF(AG80=100%,Y80," ") -> 2.8663888 | AJ80: MB003673LA | AK80: 208.2 | AM80: Redução do peso bruto das peças cortadas na máquina laser (Aumento de peças / chapa) | AN80: 46113 | AO80: Sim
A81: SLZ0080UL0950 | B81: SLZ | C81: 0.8 | D81: 625 | E81: 451 | F81: 0.04 | G81: VW50065 - CR2 -GI40/40-U 0,80X0950MM | H81: 34025398 | L81: SOLUÇÕES USIMINAS | M81: VW-SBC | N81: POLO / VIRTUS PA | O81: C | P81: Diadema | Q81: Diadema | R81: Diadema | S81: Diadema | T81: 2.71908 | U81: 2.30076 | V81: 2.47506 | W81: 2.50992 | X81: 3.69516 | Y81: =AVERAGE(T81:X81) -> 2.739996 | AG81: =COUNTIF(Z81:AF81,"X")/7 -> 0 | AH81: =IF(AG81=100%,Y81," ") | AI81: 1 | AJ81: VW001047Z | AK81: 0
A82: SLZ0120TD0466 | B82: SLZ | C82: 1.2 | D82: 466 | E82: - | G82: VW50065-CR240LA-GI40/40 1,20X1400MM | H82: 34025390 | L82: SOLUÇÕES USIMINAS | M82: VW-SBC | N82: POLO / VIRTUS PA | O82: C | P82: Diadema | Q82: Diadema | R82: Diadema | S82: Diadema | T82: 2.817509 | U82: 2.5011 | V82: 2.1438 | W82: 2.5011 | X82: 3.573 | Y82: =AVERAGE(T82:X82) -> 2.7073018 | AG82: =COUNTIF(Z82:AF82,"X")/7 -> 0 | AH82: =IF(AG82=100%,Y82," ") | AI82: 2 | AJ82: DJ000214Z / DJ000215Z | AK82: 0
A83: SLZ0070QH0416 | B83: SLZ | C83: 0.7 | D83: 416.7 | E83: - | G83: VW50065 - CR4-GI40/40 0,70X416,7 | H83: 34025693 | L83: SOLUÇÕES USIMINAS | M83: VW-SBC | N83: Nivus | O83: C | P83: Diadema | Q83: Diadema | R83: Diadema | S83: Diadema | T83: 1.86151 | U83: 2.4969 | V83: 2.66742 | W83: 2.28984 | X83: 2.28984 | Y83: =AVERAGE(T83:X83) -> 2.321102 | AG83: =COUNTIF(Z83:AF83,"X")/7 -> 0 | AH83: =IF(AG83=100%,Y83," ") | AI83: 2 | AJ83: VW000974AA / VW000975AA | AK83: 0
A84: CHQ0400EJ12001550 | B84: CHQ | C84: 0.65 | D84: 750 | E84: 670 | F84: 0.045 | G84: CH EN10025 S275JR 4,00X1200X1550 | H84: - | L84: SETEFER / DISTRIBUIÇÃO | M84: ANCHIETA | N84: Suporte Pedaleira | O84: C | P84: Diadema | Q84: Diadema | R84: Diadema | S84: Diadema | T84: 1.86296 | U84: 2.044 | V84: 2.628 | W84: 2.044 | X84: 2.336 | Y84: =AVERAGE(T84:X84) -> 2.182992 | AG84: =COUNTIF(Z84:AF84,"X")/7 -> 0 | AH84: =IF(AG84=100%,Y84," ") | AI84: 2 | AJ84: DA000406Z / DA000253AA | AK84: 0
A85: SLZ0070QH0191 | B85: SLZ | C85: 0.7 | D85: 191 | E85: - | G85: BOB VW50065 CR4-GI40/40-U-O 0,70X1600MM | H85: 34025692 | L85: SOLUÇÕES USIMINAS | M85: JARINU | N85: Nivus | O85: C | P85: Diadema | Q85: Diadema | R85: Diadema | S85: Diadema | T85: 1.232 | U85: 2.432 | V85: 2.4384 | W85: 2.4384 | X85: 2.2464 | Y85: =AVERAGE(T85:X85) -> 2.15744 | AG85: =COUNTIF(Z85:AF85,"X")/7 -> 0 | AH85: =IF(AG85=100%,Y85," ") | AI85: 2 | AJ85: DJ000077Z / DJ000078Z | AK85: 0
A86: SLZ0100CO0721 | B86: BZ | C86: 1 | D86: 1450 | E86: - | G86: EN10327 DX54D Z100 1X1450(MTL) M10483022 | H86: - | L86: MULTIAÇOS / DISTRIBUIÇÃO | M86: VW- VINH | N86: Saveiro - sup rad | O86: C | R86: Diadema | S86: Diadema | T86: 3.5388 | U86: 0 | V86: 0 | W86: 7.0776 | X86: 0 | Y86: =AVERAGE(T86:X86) -> 2.12328 | AG86: =COUNTIF(Z86:AF86,"X")/7 -> 0 | AH86: =IF(AG86=100%,Y86," ") | AI86: 1 | AJ86: VW000636Z | AK86: 0
A87: SLZ0070CI0333 | B87: SLZ | C87: 0.7 | D87: 333 | E87: - | G87: CH VW50111 ST05 Z100 0,70X1100X333MM | H87: 34025648 | L87: SOLUÇÕES USIMINAS | M87: VW-SBC | N87: Saveiro | O87: C | P87: Diadema | Q87: Diadema | R87: Diadema | S87: Diadema | T87: 1.96682 | U87: 2.58 | V87: 2.064 | W87: 1.548 | X87: 2.064 | Y87: =AVERAGE(T87:X87) -> 2.044564 | AG87: =COUNTIF(Z87:AF87,"X")/7 -> 0 | AH87: =IF(AG87=100%,Y87," ") | AI87: 2 | AJ87: VW000579Z / VW000580Z | AK87: 0
A88: BOZ0120DO1500 | B88: BZ | C88: 1.5 | D88: 1100 | E88: 191 | F88: 0.04 | G88: B EN10346 HX220YD Z100 MA 1,20X1500 MM | H88: - | L88: DISTRIBUIÇÃO | M88: MAN | N88: Assoalho | O88: C | P88: Diadema | Q88: Diadema | R88: Diadema | S88: Diadema | T88: 1.544312 | U88: 1.370232 | V88: 2.426776 | W88: 2.20616 | X88: 2.20616 | Y88: =AVERAGE(T88:X88) -> 1.950728 | AG88: =COUNTIF(Z88:AF88,"X")/7 -> 0 | AH88: =IF(AG88=100%,Y88," ") | AI88: 2 | AJ88: VW001024AA / VW001025AA | AK88: 0
A89: SLQ0400EE0235 | B89: SLQ | C89: 4 | D89: 235 | E89: - | G89: SL NBR6656 D/O LNE50 4,00x1250MM | H89: - | L89: MULTIAÇOS / DISTRIBUIÇÃO | M89: ANCHIETA | N89: (mp transferido de ferraz) | O89: C | P89: Diadema | Q89: Diadema | R89: Diadema | S89: Diadema | T89: 1.334784 | U89: 1.471296 | V89: 2.373792 | W89: 1.797408 | X89: 2.169024 | Y89: =AVERAGE(T89:X89) -> 1.8292608 | AG89: =COUNTIF(Z89:AF89,"X")/7 -> 0 | AH89: =IF(AG89=100%,Y89," ") | AI89: 2 | AJ89: VW001146AA / VW001147AA | AK89: 0
A90: SLZ0140ID0600 | B90: BZ | C90: 1.4 | D90: 1200 | E90: - | G90: GMW3032M / ST-S-CR210B2 | H90: - | L90: MULTIAÇOS / DISTRIBUIÇÃO | M90: GM | N90: JOY/JOY PLUS | O90: C | P90: Diadema | Q90: Diadema | R90: Diadema | S90: Diadema | T90: 7.657408 | U90: 0 | V90: 0 | W90: 0.85118 | X90: 0 | Y90: =AVERAGE(T90:X90) -> 1.7017176 | AG90: =COUNTIF(Z90:AF90,"X")/7 -> 0 | AH90: =IF(AG90=100%,Y90," ") | AI90: 2 | AJ90: GM000466Z / GM000467Z | AK90: 0
A91: CHZ0100SE02100160 | B91: CHZ | C91: 1 | D91: 210 | E91: 160 | G91: BG EN 10327 DX54D Z100MB 1,00X210X160 | H91: 34027465 | L91: SOLUÇÕES USIMINAS | M91: VW | N91: Gol/Voyage/Saveiro | O91: C | P91: Diadema | Q91: Diadema | R91: Diadema | S91: Diadema | T91: 1.33455 | U91: 2.001825 | V91: 2.02335 | W91: 1.2054 | X91: 1.8081 | Y91: =AVERAGE(T91:X91) -> 1.674645 | AG91: =COUNTIF(Z91:AF91,"X")/7 -> 0 | AH91: =IF(AG91=100%,Y91," ") | AI91: 1 | AJ91: VW000506Z | AK91: 0
A92: SLZ0150CF0256 | B92: SLZ | C92: 1.5 | D92: 256 | E92: - | G92: EN10346 HX340LAD Z100 | H92: 34028133 | L92: SOLUÇÕES USIMINAS | M92: VW | N92: Gol/Voyage | O92: C | P92: Diadema | Q92: Diadema | R92: Diadema | S92: Diadema | T92: 1.59942 | U92: 1.932 | V92: 1.932 | W92: 1.1592 | X92: 1.7388 | Y92: =AVERAGE(T92:X92) -> 1.672284 | AG92: =COUNTIF(Z92:AF92,"X")/7 -> 0 | AH92: =IF(AG92=100%,Y92," ") | AI92: 1 | AJ92: VW000336Z | AK92: 0
A93: CHQ0475AP12002000 | B93: CHQ | C93: 1 | D93: 1150 | E93: 250 | F93: 0.065 | G93: CHQ NBR6656 LNE26 4,75X1200X2000 D/O | H93: - | L93: SETEFER / DISTRIBUIÇÃO | M93: ANCHIETA | N93: MBB | O93: C | R93: Diadema | S93: Diadema | T93: 1.278 | U93: 1.5336 | V93: 1.917 | W93: 1.6614 | X93: 1.7892 | Y93: =AVERAGE(T93:X93) -> 1.63584 | AG93: =COUNTIF(Z93:AF93,"X")/7 -> 0 | AH93: =IF(AG93=100%,Y93," ") | AI93: 4 | AJ93: DA000511AA / DA000512AA / DA000513AB / DA000513AC | AK93: 0
A94: SLF0150LL0698 | B94: SLF | C94: 1.5 | D94: 698 | E94: - | G94: EN10268 HC380LA | H94: - | L94: MULTIAÇOS / DISTRIBUIÇÃO | M94: VW-SBC | N94: Estola | O94: C | P94: Diadema | Q94: Diadema | R94: Diadema | S94: Diadema | T94: 1.05728 | U94: 1.35936 | V94: 1.43488 | W94: 0.83072 | X94: 1.05728 | Y94: =AVERAGE(T94:X94) -> 1.147904 | AG94: =COUNTIF(Z94:AF94,"X")/7 -> 0 | AH94: =IF(AG94=100%,Y94," ") | AI94: 2 | AJ94: VW001207Z / VW001208Z | AK94: 0
A95: BOF0190AM1100 | B95: BF | C95: 1.2 | D95: 433 | E95: 160 | F95: 0.055 | G95: BOB NBR5915 LF EEP G3 1,90X1100 MM | H95: - | L95: DISTRIBUIÇÃO | M95: ANCHIETA / MBB | N95: Parachoque laterl - Ponteiras | P95: Diadema | Q95: Diadema | R95: Diadema | S95: Diadema | T95: 5.400262 | U95: 0 | V95: 0 | W95: 0 | X95: 0 | Y95: =AVERAGE(T95:X95) -> 1.0800524 | AG95: =COUNTIF(Z95:AF95,"X")/7 -> 0 | AH95: =IF(AG95=100%,Y95," ") | AI95: 10 | AJ95: DA000283Z / DA000284Z / DA000285Z / DA000286Z / DA000275Z / DA000276Z / DA000277Z / DA000278Z / DA000279Z / DA000280Z | AK95: 0
A96: CHQ0400ED12002220 | B96: CHQ | C96: 4 | D96: 1200 | E96: 2220 | G96: CH NBR6656 LQ LNE38 4,00X1200X2220 MM | H96: - | L96: MULTIAÇOS / DISTRIBUIÇÃO | M96: ANCHIETA | O96: C | P96: Diadema | Q96: Diadema | R96: Diadema | S96: Diadema | T96: 0.88086 | U96: 0.79776 | V96: 1.01382 | W96: 0.96396 | X96: 0.94734 | Y96: =AVERAGE(T96:X96) -> 0.920748 | Z96: X | AA96: X | AB96: X | AC96: X | AD96: X | AE96: X | AF96: X | AG96: =COUNTIF(Z96:AF96,"X")/7 -> 1 | AH96: =IF(AG96=100%,Y96," ") -> 0.920748 | AI96: 1 | AJ96: MB003610LA | AK96: 1162.34 | AM96: Redução do peso bruto das peças cortadas na máquina laser (Aumento de peças / chapa) | AN96: 46113 | AO96: Sim
A97: CHQ0200ED12001900 | B97: BQ | C97: 2 | D97: 1200 | E97: - | H97: - | L97: DISTRIBUIÇÃO | O97: C | P97: Diadema | Q97: Diadema | R97: Diadema | S97: Diadema | T97: 1.083555 | U97: 0.7164 | V97: 0.9552 | W97: 0.7164 | X97: 1.0746 | Y97: =AVERAGE(T97:X97) -> 0.909231 | AG97: =COUNTIF(Z97:AF97,"X")/7 -> 0 | AH97: =IF(AG97=100%,Y97," ") | AI97: 2 | AJ97: DA000529AA / DA000529AB | AK97: 0
A98: BOZ0100CO1200 | B98: BZ | C98: 1.5 | D98: 383 | E98: 173 | F98: 0.055 | G98: EN-10346-15-DX54D+Z | H98: - | L98: ARCELOR | M98: PLASCAR | N98: Projetos Perseu 2V3.831.311/312 | O98: C | P98: Diadema | Q98: Diadema | R98: Diadema | S98: Ferrolene | T98: 0.95568 | U98: 0.7964 | V98: 0.7964 | W98: 0.95568 | X98: 0.95568 | Y98: =AVERAGE(T98:X98) -> 0.891968 | AG98: =COUNTIF(Z98:AF98,"X")/7 -> 0 | AH98: =IF(AG98=100%,Y98," ") | AI98: 4 | AJ98: VW000500Z / VW000815Z / PL000004AA / PL000005AA | AK98: 0
A99: SLQ0425AS0071 | B99: SLQ | C99: 0.7 | D99: 550 | E99: 740 | F99: 0.035 | G99: SL NBR6656 LNE 380 DO 4,25 X 71 MM D/O | H99: 34025387 | L99: SOLUÇÕES USIMINAS | M99: VW-SBC | N99: Saveiro | O99: C | P99: Diadema | Q99: Diadema | R99: Diadema | S99: Diadema | T99: 0.86548 | U99: 0.97944 | V99: 0.9856 | W99: 0.58828 | X99: 0.87626 | Y99: =AVERAGE(T99:X99) -> 0.859012 | Z99: X | AA99: X | AB99: X | AC99: X | AD99: X | AE99: X | AF99: X | AG99: =COUNTIF(Z99:AF99,"X")/7 -> 1 | AH99: =IF(AG99=100%,Y99," ") -> 0.859012 | AI99: 2 | AJ99: VW000630AA / VW000631AA | AK99: 0
A100: BOF0150SF1100 | B100: BF | C100: 1.5 | D100: 1100 | E100: - | G100: BOB DIN EN 10130 DC01 1,50X1100MM | H100: - | L100: MULTIAÇOS / DISTRIBUIÇÃO | M100: MERCEDES | N100: Lâmina | O100: C | P100: Diadema | Q100: Diadema | R100: Diadema | S100: Diadema | T100: 0.66375 | U100: 0.66375 | V100: 1.3275 | W100: 0.66375 | X100: 0.66375 | Y100: =AVERAGE(T100:X100) -> 0.7965 | Z100: X | AA100: X | AB100: X | AC100: X | AD100: X | AE100: X | AF100: X | AG100: =COUNTIF(Z100:AF100,"X")/7 -> 1 | AH100: =IF(AG100=100%,Y100," ") -> 0.7965 | AI100: 3 | AJ100: DJ000095Z / DJ000101Z / DA000212Z | AK100: 0
A101: BOQ0400ED1150 | B101: BQ | C101: 4 | D101: 1150 | E101: - | G101: NBR6656 LNE38 4,00X1150 D/O | H101: - | L101: FERRAZ | M101: ANCHIETA | N101: Volvo Travessa | O101: C | P101: Diadema | Q101: Diadema | R101: Diadema | S101: Ferrolene | T101: 0.639096 | U101: 0.59036 | V101: 0.757924 | W101: 0.727044 | X101: 0.673004 | Y101: =AVERAGE(T101:X101) -> 0.6774856 | AG101: =COUNTIF(Z101:AF101,"X")/7 -> 0 | AH101: =IF(AG101=100%,Y101," ") | AI101: 4 | AJ101: DA000509AA / MB003673LB / SV001134LD / VB00342LA | AK101: 0
...

Sheet A.Propostas
AM1: SIM
B2: BSW - PROPOSTAS PARA REDUÇÕES | Y2: STATUS | AM2: NÃO
AM3: EM IMPLEMENTAÇÃO
B4: DADOS DO MATERIAL (USAR PLANILHA DE DEMANDA ENVIADA) | J4: ESPESSURA | N4: BORDAS APARADAS | Q4: ALTERAÇÕES DE QUALIDADE | T4: ALTERAÇÃO DE MEDIDA | Y4: SOLICITANTE | Z4: COMPRAS | AA4: COMPRAS | AB4: COMPRAS | AC4: COMPRAS | AD4: COMPRAS | AE4: ENGENHARIA | AF4: COMPRAS | AG4: COMPRAS | AH4: COMPRAS | AI4: LOGÍSTICA | AJ4: COMPRAS | AK4: TODOS | AM4: KAIZEN PLANO DE CORTE
A5: Nome do Projeto | B5: CÓDIGO DELGA | C5: Qual projeto esse item faz parte? | D5: DESCRIÇÃO | E5: MÉDIA CONSUMO FEV ~ MAI | F5: REDUÇÃO POTENCIAL (R$ ANUAL) | G5: PLANTA DELGA | H5: FONTE | J5: ESP. NOMINAL (mm) | K5: TOLERANCIA ESP. ATUAL (mm) | L5: TOLERANCIA ESP. PROPOSTA DELGA (mm) | N5: TOLERANCIA ATUAL (mm) | O5: TOLERANCIA PROPOSTA DELGA (mm) | Q5: QUALIDADE ATUAL | R5: QUALIDADE PROPOSTA | T5: LARGURA ATUAL | U5: LARGURA PROPOSTA | V5: COMPRIMENTO ATUAL | W5: COMPRIMENTO PROPOSTO | Y5: FORMALIZADO COM COMPRAS | Z5: PASSADO PARA USINA ? | AA5: DATA ENVIO P/ USINA | AB5: PRAZO DA USINA PARA RETORNO | AC5: DATA DE DEVOLUÇÃO DA CONSULTA | AD5: VIABILIDADE TÉCNICA | AE5: ENVIO DE PLANO DE CORTE PARA COMPRAS | AF5: ENVIO DO PLANO DE CORTE PARA USINAS | AG5: PRAZO PARA CADASTRO DO NOVO PN (LIBERAR PROGRAMAÇÃO) | AH5: DATA DE CADASTRO DO NOVO PN (Usina) | AI5: PRAZO DE RECEBIMENTO NAS NOVAS ESPECIFICAÇÕES (APROXIMADO) | AJ5: ÁREA PENDENTE DE ATUAÇÃO PARA EVOLUÇÃO DO PROJETO | AK5: HISTÓRICO
B6: BOQ1225BA1250 | D6: BOQ B105-13 12,25-0,00/+0,58X1250 MTH | E6: 289 | F6: 150216.36 | G6: FERRAZ | H6: USIMINAS | J6: 12.25 | K6: -0,00 / +0,58 | L6: 12,50 (-0,25/+0,23) | N6: -0,00 / +38,00 | O6: -0,00 / +30,00 | Q6: B105-13 | R6: N/A | T6: 1250 | U6: N/A | V6: N/A | W6: N/A | Y6: Data não informada. | Z6: SIM | AA6: 46280 | AB6: 46302 | AC6: 46295 | AD6: VIÁVEL COM RESTRIÇÕES | AE6: N/A | AF6: N/A | AG6: 46303 | AH6: 46303 | AJ6: USINA - CADASTRO DE NOVO PART NUMBER | AK6: ALTERAÇÃO DE PART NUMBER (ESP.) CONSULTA REVISADA 2601342 TOLERANCIA ESP. 04/08 - ENVIADO NOVA PROPOSTA PARA USIMINAS
B7: BOQ1575BA1250 | D7: BOQ B105-13 15,75-0,00/+0,58X1250 MTH | E7: 283.69 | F7: 102925.44 | G7: FERRAZ | H7: USIMINAS | J7: 15.75 | K7: -0,00 / +0,58 | L7: -0,00 / +0,58 | N7: -0,00 / +38,00 | O7: -0,00 / +25,00 | Q7: B105-13 | R7: N/A | T7: 1250 | U7: N/A | V7: N/A | W7: N/A | Y7: Data não informada. | Z7: SIM | AA7: 46238 | AB7: 46259 | AC7: 46280 | AD7: VIÁVEL COM RESTRIÇÕES | AE7: N/A | AF7: N/A | AG7: 46280 | AH7: 46280 | AJ7: LOGÍSTICA - PROGRAMAÇÃO | AK7: MTL INVIÁVEL, GANHAMOS NA ALTERAÇÃO DE BORDAS
B8: BOQ1175AY1050 | D8: BOQ USISAR55 11,75+0,54X1050 MTH | E8: 188.3 | F8: 190474.65 | G8: FERRAZ | H8: USIMINAS | J8: 11.75 | K8: -0,00 / +0,54 | L8: -0,25 / +0,05 | N8: -0,00 / +32,00 | O8: -0,00 / +25,00 | Q8: USISAR55 | R8: N/A | T8: 1050 | U8: N/A | V8: N/A | W8: N/A | Y8: Data não informada. | Z8: SIM | AA8: 45722 | AB8: 46118 | AC8: 46140 | AD8: VIÁVEL | AE8: N/A | AF8: N/A | AG8: 46262 | AH8: 46267 | AI8: AGUARDANDO PROGRAMAÇÃO | AJ8: LOGÍSTICA - PROGRAMAÇÃO | AK8: ALTERAÇÃO DE PART NUMBER (ESP.)
A9: 06 - Redução consumo MTP aplicando tolerância mínima | B9: SLZ0180SI0366 | C9: Mean to-low Curva A | D9: SLZ VW50065 CR300LA-GI40/40U 1,80X366 | E9: 87.74 | F9: 168140.89 | G9: JARINU | H9: S.U | J9: =MID(B9,4,4)/100 -> 1.8 | K9: +/-0,07 | L9: -0,04 / +0,00 +0,03 / -0,07 PROPOSTA USINA | N9: N/A | O9: N/A | Q9: N/A | R9: N/A | T9: N/A | U9: N/A | V9: N/A | W9: N/A | Y9: Data não informada. | Z9: SIM | AA9: 46093 | AB9: 46108 | AC9: 46155 | AD9: VIÁVEL | AE9: 46231 | AF9: 46248 | AG9: 46174 | AH9: 46174 | AI9: 46285 | AJ9: USINA - EM PRODUÇÃO | AK9: ITEM ENVIADO NO PRIMEIRO PACOTE DE SOLICITAÇÕES DE MODIFICAÇÕES
A10: 06 - Redução consumo MTP aplicando tolerância mínima | B10: BDZ0140SI03120950 | C10: Mean to-low Curva A | D10: VW50065 CR300LA GI40/40U 1,40X312,5X950 | E10: 33.04 | F10: =76639.7953125005+90849.43 -> 167489.23 | G10: JARINU | H10: GONVARRI | J10: =MID(B10,4,4)/100 -> 1.4 | K10: +/-0,075 | L10: -0,0375 / +0,00 | N10: N/A | O10: N/A | Q10: N/A | R10: N/A | T10: 950 | U10: N/A | V10: 312 | W10: 302 | Y10: Data não informada. | Z10: SIM | AA10: 46269 | AB10: INVIÁVEL | AC10: INVIÁVEL | AD10: INVIÁVEL | AE10: INVIÁVEL | AF10: INVIÁVEL | AG10: INVIÁVEL | AH10: INVIÁVEL | AI10: INVIÁVEL | AJ10: INVIÁVEL | AK10: FORNECEDOR IRÁ COMUNICAR A VW AS ALTERAÇÕES
B11: BOQ0800IS1200 | D11: NBRLNE500 | E11: 78.8 | F11: 223577.79 | G11: FERRAZ | H11: ARCELOR | J11: 8 | K11: -0,00 / +0,58 | L11: -0,25 / +0,05 | N11: N/A | O11: N/A | Q11: N/A | R11: N/A | T11: 1200 | U11: 1450 1250 | V11: 1750 / 3000 | W11: 2620 / 2700 / 2960 2450 / 2700 / 2950 | Y11: Data não informada. | Z11: SIM | AA11: N/A | AB11: N/A | AC11: N/A | AD11: VIÁVEL | AE11: N/A | AF11: N/A | AG11: N/A | AH11: 46153 | AI11: 46254 | AJ11: LOGÍSTICA - PROGRAMAÇÃO | AK11: MATERIAL COM 1450MM JÁ CHEGOU. MATERIAL COM 1200MM PENDENTE
B12: BOQ1000AY1050 | D12: USISAR55 | E12: 76.4 | F12: 21403.13 | G12: FERRAZ | H12: USIMINAS | J12: 10 | K12: -0,25 / +0,05 | L12: -0,25 / +0,05 | N12: -0,00 / +32,00 | O12: -0,00 / +25,00 | Q12: N/A | R12: N/A | T12: 1050 | U12: N/A | V12: N/A | W12: N/A | Y12: 46130 | Z12: SIM | AA12: 46136 | AB12: 46166 | AC12: 46227 | AD12: VIÁVEL COM RESTRIÇÕES | AE12: N/A | AF12: N/A | AG12: 46283 | AH12: 46289 | AJ12: LOGÍSTICA - PROGRAMAÇÃO | AK12: CONSULTA DEVOVLIDA 24/07/2026 - VIÁVEL APENAS RESTRIÇÃO NA LARGURA
B13: BOQ1275BA1250 | D13: BOQ B105-13 12,75X1250 MTH | E13: 67.69 | F13: 7443.6 | G13: FERRAZ | H13: USIMINAS | J13: 12.75 | K13: -0,00 / +0,58 | L13: -0,25 / +0,05 | N13: -0,00 / +38,00 | O13: -0,00 / +25,00 | Q13: B105-13 | R13: N/A | T13: 1250 | U13: N/A | V13: N/A | W13: N/A | Y13: 46094 | Z13: SIM | AA13: 46136 | AB13: 46297 | AD13: RECONSULTA | AE13: N/A | AF13: N/A | AJ13: USINA - CONSULTA | AK13: RECONSULTA ABERTA PARA RESTRIÇÃO APENAS DE LARGURA
A14: 06 - Redução consumo MTP aplicando tolerância mínima | B14: SLZ0180SI0325 | C14: Mean to-low Curva A | D14: SLZ VW50065 CR300LA GI40/40U 1,80X325 | E14: 59.67 | F14: 113701.83 | G14: JARINU | H14: S.U | J14: =MID(B14,4,4)/100 -> 1.8 | K14: +/-0,08 | L14: -0,04 / +0,00 +0,03 / -0,07 PROPOSTA USINA | N14: N/A | O14: N/A | Q14: N/A | R14: N/A | T14: N/A | U14: N/A | V14: N/A | W14: N/A | Y14: Data não informada. | Z14: SIM | AA14: 46093 | AB14: 46108 | AC14: 46155 | AD14: VIÁVEL | AE14: 46231 | AF14: 46248 | AG14: 46174 | AH14: 46174 | AI14: 46285 | AJ14: USINA - EM PRODUÇÃO | AK14: ITEM ENVIADO NO PRIMEIRO PACOTE DE SOLICITAÇÕES DE MODIFICAÇÕES
A15: 06 - Redução consumo MTP aplicando tolerância mínima | B15: BDZ0140SI05750517 | C15: Mean to-low Curva A | D15: BDZ VW50065 CR300LA GI40/40 1,40X575X517 | E15: 36.52 | F15: =66510.6497055+47086.87 -> 113597.52 | G15: JARINU | H15: CSN | J15: =MID(B15,4,4)/100 -> 1.4 | K15: +/-0,065 | L15: -0,0325 / +0 | N15: N/A | O15: N/A | Q15: N/A | R15: N/A | T15: 517 | U15: N/A | V15: 575 | W15: 565 | Y15: Data não informada. | Z15: NÃO | AA15: INVIÁVEL | AB15: INVIÁVEL | AC15: INVIÁVEL | AD15: INVIÁVEL | AE15: INVIÁVEL | AF15: INVIÁVEL | AG15: INVIÁVEL | AH15: INVIÁVEL | AI15: INVIÁVEL | AJ15: INVIÁVEL | AK15: INVIABILIDADE - FORNECEDOR DIRECT BUY IRÁ COMUNICAR A VW
A16: 06 - Redução consumo MTP aplicando tolerância mínima | B16: SLZ0180SI0466 | C16: Mean to-low Curva A | D16: SLZ VW50065 CR300LA-GI40/40U 1,80X466 | E16: 25.64 | F16: =47874.1634078397+63041.48 -> 110915.64 | G16: JARINU | H16: S.U | J16: =MID(B16,4,4)/100 -> 1.8 | K16: +/-0,08 | L16: -0,04 / +0,00 PROPOSTA DELGA +0,02 / -0,08 PROPOSTA USINA | N16: N/A | O16: N/A | Q16: N/A | R16: N/A | T16: 466 | U16: 451 | V16: 185 | W16: 185 | Y16: Data não informada. | Z16: SIM | AA16: 46093 | AB16: 46118 | AC16: 46155 | AD16: VIÁVEL | AE16: PENDENTE | AF16: PENDENTE | AJ16: USINA - RECEBIMENTO ENGENHARIA - REGULARIZAR PLANO DE CORTE | AK16: ITEM ENVIADO NO PRIMEIRO PACOTE DE SOLICITAÇÕES DE MODIFICAÇÕES 20/07/2026 - APROVADO ALTERAÇÕES DE LARGURA S/ ALTERAÇÕES DE PREÇO. NECESSÁRIO ENVIO DO PLANO DE CORTE PLANO DE CORTE FALTA ALTERAR CÓDIGO DE LARGURA
B17: BOQ0975AB1250 | D17: SAE1008 | E17: 52.22 | F17: 117470.3 | G17: FERRAZ | H17: ARCELOR | J17: 9.75 | K17: -0,00 / +0,56 | L17: -0,25 / +0,05 | N17: -0,00 / +30,00 | O17: -0,00 / +0,25 | Q17: N/A | R17: N/A | T17: N/A | U17: N/A | V17: N/A | W17: N/A | Y17: Data não informada. | Z17: SIM | AA17: 46162 | AB17: 46193 | AC17: 46181 | AD17: VIÁVEL | AE17: PENDENTE | AF17: N/A | AG17: 46240 | AH17: 46240 | AI17: 46357 | AJ17: USINA - EM PRODUÇÃO | AK17: MATERIAL PROGRAMADO
B18: BOQ0580TV1500 | D18: S700MC | E18: 45.75 | F18: 0 | G18: FERRAZ | H18: ARCELOR | J18: 5.8 | K18: N/A | L18: N/A | N18: N/A | O18: N/A | Q18: N/A | R18: N/A | T18: 1500 | U18: N/A | V18: 2630 1930 | W18: 6510 2960 | Y18: Data não informada. | Z18: N/A | AA18: N/A | AB18: N/A | AC18: N/A | AD18: VIÁVEL | AE18: N/A | AF18: N/A | AG18: N/A | AH18: N/A | AI18: N/A | AJ18: LOGÍSTICA - PROGRAMAÇÃO | AK18: CONFIRMAR RECEBIMENTO NAS NOVAS ESPECIFICAÇÕES
B19: BOQ0680TV1500 | D19: S700MC | E19: 44.43 | G19: FERRAZ | H19: FERROLENE | J19: 6.8 | K19: -0,10 / +0,40 | L19: N/A | N19: -0,00 / +38,00 | O19: N/A | Q19: N/A | R19: N/A | T19: 1500 | U19: N/A | V19: CHQ0680TV15002680 | W19: CHQ0680TV15002640 CHQ0680TV15002650 | Y19: Data não informada. | Z19: N/A | AA19: N/A | AB19: N/A | AC19: N/A | AD19: VIÁVEL | AE19: N/A | AF19: N/A | AG19: N/A | AH19: N/A | AJ19: LOGÍSTICA - PROGRAMAÇÃO | AK19: CONFIRMAR RECEBIMENTO NAS NOVAS ESPECIFICAÇÕES
B20: BOQ0680TV1500 | D20: S700MC | E20: 44.43 | G20: FERRAZ | H20: USIMINAS | J20: 6.8 | K20: -0,10 / +0,40 | L20: 7,00 -0,25 / +0,05 | N20: -0,00 / +38,00 | O20: -0,00 / +25,00 | Q20: N/A | R20: N/A | T20: 1500 | U20: N/A | V20: N/A | W20: N/A | Y20: Data não informada. | Z20: SIM | AA20: 46192 | AB20: 46232 | AC20: 46240 | AD20: VIÁVEL COM RESTRIÇÕES | AJ20: ENGENHARIA - REANALISE DE PROPOSTA | AK20: PRIMEIRA CONSULTA METALÚRGICA MOSTROU INVIABILIDADE. LAMINAÇÃO DE UM NOVO ESBOÇO ACONTECENDO NA KW31, REAVALIAÇÃO DA CONSULTA PROPOSTA APRESENTADA 06/08 COM RESTRIÇÃO A SER AVALIADA PELA ENGENHARIA
B21: BOF0100TR1350 | C21: Largura de bobina | D21: PAINEL LATERAL INTERNO VW 50065 CR440Y780T-DPSUP - ESQ /DIR | E21: 171.51 | F21: 96985.81 | G21: JARINU | H21: S.U | J21: N/A | N21: N/A | O21: N/A | Q21: N/A | R21: N/A | T21: 1350 | U21: 1345 | V21: 315 | W21: N/A | Y21: Data não informada. | Z21: SIM | AA21: 46093 | AB21: 46237 | AC21: 46223 | AD21: VIÁVEL COM RESTRIÇÕES | AE21: PENDENTE | AF21: PENDENTE | AI21: 46285 | AJ21: USINA - RECEBIMENTO ENGENHARIA - REGULARIZAR PLANO DE CORTE | AK21: 20/07/2026 - APROVADO ALTERAÇÕES DE LARGURA S/ ALTERAÇÕES DE PREÇO. NECESSÁRIO ENVIO DO PLANO DE CORTE | AL21: nok
B22: SLZ0120UI1250 | C22: largura aprovado | D22: BOZ VW50065 CR3-GI40/40-U-O 1,20X1250 | E22: 34.83 | F22: =13191.83+78959.6057250004 -> 92151.436 | G22: JARINU | H22: S.U | J22: 1.2 | K22: +/-0,055 | L22: -0,0275 / +0,00 - PROPOSTA DELGA +0,00 / -0,06 PROPOSTA USINA +0,00 / -0,04 CONTRAPOPOSTA DECLINADA | N22: -0,00 / +12 | O22: -0,00 / +6,0 | Q22: N/A | R22: N/A | T22: N/A | U22: N/A | V22: N/A | W22: N/A | Y22: Data não informada. | Z22: N/A | AA22: INVIÁVEL | AB22: INVIÁVEL | AC22: INVIÁVEL | AD22: INVIÁVEL | AE22: INVIÁVEL | AF22: INVIÁVEL | AG22: INVIÁVEL | AH22: INVIÁVEL | AI22: INVIÁVEL | AJ22: INVIÁVEL | AK22: CONTRATPOPOSTA DELGA PARA TOLERANCIA PROPOSTA PELA USINA NOVA TOLERANCIA SOLICITADA INVIÁVEL
A23: 06 - Redução consumo MTP aplicando tolerância mínima | B23: SLZ0070SH0275 | C23: Mean to-low Curva A | D23: SLZ VW50065 CR300LA-GI40/40 0,70X275 | E23: 24.12 | F23: 80839.728 | G23: JARINU | H23: S.U | J23: =MID(B23,4,4)/100 -> 0.7 | K23: +/-0,04 | L23: -0,02 / +0,00 PROPOSTA DELGA +0,00 / -0,06 PROPOSTA USINA +0,00 / -0,04 CONTRAPOPOSTA DECLINADA | N23: N/A | O23: N/A | Q23: N/A | R23: N/A | T23: N/A | U23: N/A | V23: N/A | W23: N/A | Y23: Data não informada. | Z23: N/A | AA23: INVIÁVEL | AB23: INVIÁVEL | AC23: INVIÁVEL | AD23: INVIÁVEL | AE23: INVIÁVEL | AF23: INVIÁVEL | AG23: INVIÁVEL | AH23: INVIÁVEL | AI23: INVIÁVEL | AJ23: INVIÁVEL | AK23: CONTRATPOPOSTA DELGA PARA TOLERANCIA PROPOSTA PELA USINA NOVA TOLERANCIA SOLICITADA INVIÁVEL
A24: 06 - Redução consumo MTP aplicando tolerância mínima | B24: SLZ0150SI0725 | C24: Mean to-low Curva A | D24: SLZ VW50065 CR300LA-GI40/40U 1,50X725 | E24: 58.78 | F24: 77871.276 | G24: JARINU | H24: S.U | J24: =MID(B24,4,4)/100 -> 1.5 | K24: +/-0,07 | L24: -0,0375 / 0 - PROPOSTA DELGA +0,03 / -0,07 - PROPOSTA USINA | N24: N/A | O24: N/A | Q24: N/A | R24: N/A | T24: N/A | U24: N/A | V24: N/A | W24: N/A | Y24: Data não informada. | Z24: SIM | AA24: 46093 | AB24: 46108 | AC24: 46155 | AD24: VIÁVEL | AE24: 46231 | AF24: 46248 | AG24: 46174 | AH24: 46174 | AI24: 46285 | AJ24: USINA - EM PRODUÇÃO | AK24: ITEM ENVIADO NO PRIMEIRO PACOTE DE SOLICITAÇÕES DE MODIFICAÇÕES
A25: 06 - Redução consumo MTP aplicando tolerância mínima | B25: BOZ0120UI0950 | C25: Mean to-low Curva A | D25: BOB VW50065 CR3 GI40/40 1,20X0950MM | E25: 21.47 | F25: =10393.72+31672.6645679009+34645.74 -> 76712.125 | G25: JARINU | H25: S.U | J25: =MID(B25,4,4)/100 -> 1.2 | K25: +/-0,04 | L25: +0,00 / -0,04 - PROPOSTA USINA | N25: -0,00 / +12 | O25: -0,00 / +6,0 | Q25: N/A | R25: N/A | T25: 950 | U25: 930 | V25: 378 | W25: 378 | Y25: Data não informada. | Z25: SIM | AA25: 46184 | AB25: 46237 | AC25: 46223 | AD25: VIÁVEL COM RESTRIÇÕES | AE25: PENDENTE | AF25: PENDENTE | AJ25: USINA - RECEBIMENTO ENGENHARIA - REGULARIZAR PLANO DE CORTE | AK25: CONTRATPOPOSTA DELGA PARA TOLERANCIA PROPOSTA PELA USINA 20/07/2026 - APROVADO ALTERAÇÕES DE LARGURA S/ ALTERAÇÕES DE PREÇO. NECESSÁRIO ENVIO DO PLANO DE CORTE NOVA TOLERANCIA SOLICITADA INVIÁVEL | AL25: nok
A26: 06 - Redução consumo MTP aplicando tolerância mínima | B26: SLZ0070QH0650 | C26: Mean to-low Curva A | D26: SLZ VW50065 CR4 GI40/40-U 0,70X650 | E26: 19.17 | F26: 43204.422 | G26: JARINU | H26: S.U | J26: =MID(B26,4,4)/100 -> 0.7 | K26: +/-0,04 | L26: -0,02 / +0,00 PROPOSTA DELGA +0,00 / -0,06 PROPOSTA USINA +0,00 / -0,04 CONTRAPOPOSTA DECLINADA | N26: N/A | O26: N/A | Q26: N/A | R26: N/A | T26: N/A | U26: N/A | V26: N/A | W26: N/A | Y26: Data não informada. | Z26: N/A | AA26: INVIÁVEL | AB26: INVIÁVEL | AC26: INVIÁVEL | AD26: INVIÁVEL | AE26: INVIÁVEL | AF26: INVIÁVEL | AG26: INVIÁVEL | AH26: INVIÁVEL | AI26: INVIÁVEL | AJ26: INVIÁVEL | AK26: CONTRATPOPOSTA DELGA PARA TOLERANCIA PROPOSTA PELA USINA NOVA TOLERANCIA SOLICITADA INVIÁVEL
A27: 06 - Redução consumo MTP aplicando tolerância mínima | B27: BOZ0120QH0900 | C27: Mean to-low Curva A | D27: BOZ VW50065 CR4-GI40/40 1,20X900 | E27: 21.47 | F27: =11347.81+31670.2095128998 -> 43018.02 | G27: JARINU | H27: S.U | J27: =MID(B27,4,4)/100 -> 1.2 | K27: +/-0,04 | L27: +0,00 / -0,04 - PROPOSTA USINA | N27: -0,00 / +12 | O27: -0,00 / +6,0 | Q27: N/A | R27: N/A | T27: N/A | U27: N/A | V27: N/A | W27: N/A | Y27: Data não informada. | Z27: SIM | AA27: 46093 | AB27: 46108 | AC27: 46155 | AD27: VIÁVEL | AE27: 46231 | AF27: 46248 | AG27: 46174 | AH27: 46174 | AI27: 46285 | AJ27: USINA - EM PRODUÇÃO | AK27: ITEM ENVIADO NO PRIMEIRO PACOTE DE SOLICITAÇÕES DE MODIFICAÇÕES
A28: 27 - Redução consumo MTP aplicando tolerância mínima curva B | B28: SLZ0065TD0750 | C28: Mean to-low Curva B | D28: VW50065-CR240LA-GI40/40 | E28: 16.02832 | F28: 42227.411 | G28: JARINU | H28: S.U | J28: 0.65 | K28: ±0,04 | L28: -0,02 / +0,00 PROPOSTA DELGA INVIÁVEL MTL | N28: N/A | O28: N/A | Q28: N/A | R28: N/A | T28: N/A | U28: N/A | V28: N/A | W28: N/A | Y28: Data não informada. | Z28: SIM | AA28: INVIÁVEL | AB28: INVIÁVEL | AC28: INVIÁVEL | AD28: INVIÁVEL | AE28: INVIÁVEL | AF28: INVIÁVEL | AG28: INVIÁVEL | AH28: INVIÁVEL | AI28: INVIÁVEL | AJ28: INVIÁVEL | AK28: INVIÁVEL
B29: BOZ0070TD1500 | C29: Bordas aparadas | D29: VW50065-CR240LA-GI40/40 | E29: 35.13 | F29: 35917.45 | G29: JARINU | H29: S.U | J29: N/A | K29: N/A | L29: N/A | N29: -0,00 / + 12,00 | O29: -0,00 / +6,0 | Q29: N/A | R29: N/A | T29: N/A | U29: N/A | V29: N/A | W29: N/A | Y29: Data não informada. | Z29: NÃO | AJ29: COMPRAS - ENVIO PARA USINA
A30: 45 - Redução de MP GM000409Z. 49 - REDUÇÃO DE MP GM000408Z / GM000409Z | B30: BOZ0150HX1250 | D30: GMW3032M-STS CR340LA-HD60G60G-1,50X1250 | E30: 22.5 | F30: 99381.26 | G30: DIADEMA | H30: USIMINAS | J30: 1.5 | K30: N/A | L30: N/A | N30: N/A | O30: N/A | Q30: N/A | R30: N/A | T30: 1250 | U30: 1200 | V30: 210 | W30: 195 | Y30: Data não informada. | Z30: SIM | AA30: 46120 | AB30: 46141 | AC30: 46134 | AD30: VIÁVEL | AE30: N/A | AF30: N/A | AG30: VERIFICAR PROGRAMAÇÃO | AH30: 46247 | AI30: VERIFICAR PROGRAMAÇÃO | AJ30: LOGÍSTICA - PROGRAMAÇÃO | AK30: ENVIADO CONFIRMAÇÃO PARA ENG.
A31: 06 - Redução consumo MTP aplicando tolerância mínima | B31: SLZ0175SH0300 | C31: Mean to-low Curva A | D31: SLZ VW50065 CR300LA-GI40/40 1,75X300 | E31: 36.06 | F31: 28224.958 | G31: JARINU | H31: S.U | J31: =MID(B31,4,4)/100 -> 1.75 | K31: +/-0,07 | L31: -0,0375 / +0,00 PROPOSTA DELGA +0,00 / -0,10 PROPOSTA USINA +0,02 / -0,08 PROPOSTA USINA | N31: N/A | O31: N/A | Q31: N/A | R31: N/A | T31: N/A | U31: N/A | V31: N/A | W31: N/A | Y31: Data não informada. | Z31: SIM | AA31: 46184 | AB31: 46214 | AC31: 46227 | AD31: VIÁVEL | AE31: 46231 | AF31: 46248 | AG31: 46235 | AH31: 46235 | AI31: 46346 | AJ31: USINA - EM PRODUÇÃO | AK31: CONTRATPOPOSTA DELGA PARA TOLERANCIA PROPOSTA PELA USINA RECEBIDO OK PARA TOLERANCIA DE +0,03 / -0,07
A32: 27 - Redução consumo MTP aplicando tolerância mínima curva B | B32: BOF0100HE1150 | C32: Mean to-low Curva B | D32: DIN EN 10268 - HC300LA | E32: 14.416588 | F32: 34245.48 | G32: JARINU | H32: FERROLENE | J32: 1 | K32: ±0,07 | L32: -0,0375 / +0,00 | N32: N/A | O32: N/A | Q32: N/A | R32: N/A | T32: N/A | U32: N/A | V32: N/A | W32: N/A | Y32: Data não informada. | Z32: NÃO | AA32: INVIÁVEL | AB32: INVIÁVEL | AC32: INVIÁVEL | AD32: INVIÁVEL | AE32: INVIÁVEL | AF32: INVIÁVEL | AG32: INVIÁVEL | AH32: INVIÁVEL | AI32: INVIÁVEL | AJ32: INVIÁVEL | AK32: INVIÁVEL - FORNECEDOR IRÁ COMUNICAR VW
A33: 44 - Mudança de fonte Usiminas para Arcelor | B33: BOQ0575LA1150 | D33: NBR-6656-16-LNE-500 | E33: 20 | F33: 115000 | G33: DIADEMA | H33: DE: USIMINAS PARA: ARCELOR | J33: 5.75 | K33: MTH (+0,25mm) | L33: MTL (-0,25mm) | N33: N/A | O33: N/A | Q33: N/A | R33: N/A | T33: 1150 | U33: N/A | V33: N/A | W33: N/A | Y33: 46118 | Z33: SIM | AA33: 46120 | AB33: 46150 | AC33: 46127 | AD33: VIÁVEL | AE33: N/A | AF33: N/A | AG33: 46266 | AH33: 46266 | AI33: VERIFICAR PROGRAMAÇÃO | AJ33: LOGÍSTICA - PROGRAMAÇÃO | AK33: ENVIADO CONFIRMAÇÃO PARA ENG.
A34: 27 - Redução consumo MTP aplicando tolerância mínima curva B | B34: SLZ0080UL0625 | C34: Mean to-low Curva B | D34: VW50065-CR2-GI40/40-U | E34: 16.49648 | F34: 27611.065 | G34: JARINU | H34: S.U | J34: 0.8 | K34: ±0,04 | L34: -0,02 / +0,00 PROPOSTA DELGA +0,00 / -0,04 - PROPOSTA USINA | N34: N/A | O34: N/A | Q34: N/A | R34: N/A | T34: N/A | U34: N/A | V34: N/A | W34: N/A | Y34: Data não informada. | Z34: SIM | AA34: 46093 | AB34: 46108 | AC34: 46155 | AD34: VIÁVEL | AE34: 46231 | AF34: 46248 | AG34: 46174 | AH34: 46174 | AI34: 46285 | AJ34: USINA - EM PRODUÇÃO | AK34: ITEM ENVIADO NO PRIMEIRO PACOTE DE SOLICITAÇÕES DE MODIFICAÇÕES
A35: 27 - Redução consumo MTP aplicando tolerância mínima curva B | B35: SLZ0120SM0525 | C35: Mean to-low Curva B | D35: VW50065CR240LA-GI40/40U | E35: 10.200945 | F35: =13937.7508231501+12721.88 -> 26659.631 | G35: JARINU | H35: S.U | J35: 1.2 | K35: ±0,055 | L35: -0,0275 / +0,00 | N35: N/A | O35: N/A | Q35: N/A | R35: N/A | T35: 525 | U35: 515 | V35: 140 | W35: 140 | Y35: Data não informada. | Z35: SIM | AA35: 46199 | AB35: INVIÁVEL | AC35: INVIÁVEL | AD35: INVIÁVEL | AE35: INVIÁVEL | AF35: INVIÁVEL | AG35: INVIÁVEL | AH35: INVIÁVEL | AI35: INVIÁVEL | AJ35: INVIÁVEL | AK35: INVIÁVEL
A36: 27 - Redução consumo MTP aplicando tolerância mínima curva B | B36: SLZ0070QH0550 | C36: Mean to-low Curva B | D36: VW50065CR4GI40/40-U-O | E36: 13.94008 | F36: 26601.635 | G36: JARINU | H36: S.U | J36: 0.7 | K36: ±0,04 | L36: -0,02 / +0,00 | N36: N/A | O36: N/A | Q36: N/A | R36: N/A | T36: N/A | U36: N/A | V36: N/A | W36: N/A | Y36: Data não informada. | Z36: SIM | AA36: 46199 | AB36: INVIÁVEL | AC36: INVIÁVEL | AD36: INVIÁVEL | AE36: INVIÁVEL | AF36: INVIÁVEL | AG36: INVIÁVEL | AH36: INVIÁVEL | AI36: INVIÁVEL | AJ36: INVIÁVEL | AK36: INVIÁVEL
A37: 27 - Redução consumo MTP aplicando tolerância mínima curva B | B37: SLZ0165TH0520 | C37: Mean to-low Curva B | D37: VW50065CR380LAGI40/40-UC-U-O | E37: 10.848305 | F37: 20698.992 | G37: JARINU | H37: S.U | J37: 1.65 | K37: ±0,085 | L37: -0,04 / +0,00 | N37: N/A | O37: N/A | Q37: N/A | R37: N/A | T37: N/A | U37: N/A | V37: N/A | W37: N/A | Y37: Data não informada. | Z37: SIM | AA37: 46199 | AB37: 46245 | AC37: 46260 | AD37: VIÁVEL | AE37: 46294 | AF37: 46294 | AG37: 46294 | AH37: 46311 | AI37: 46456 | AJ37: USINA - EM PRODUÇÃO | AK37: RESPOSTA CONSULTA METALÚRGICA DEVOLVIDA 26/08 - AGUARDANDO VALIDAÇÃO DA ENGENHARIA
A38: 27 - Redução consumo MTP aplicando tolerância mínima curva B | B38: SLZ0070QH0750 | C38: Mean to-low Curva B | D38: VW50065CR4GI40/40-U-O | E38: 5.01874 | F38: 25247.001 | G38: JARINU | H38: CSN | J38: 0.7 | K38: ±0,04 | L38: -0,02 / +0,00 | N38: N/A | O38: N/A | Q38: N/A | R38: N/A | T38: N/A | U38: N/A | V38: N/A | W38: N/A | Y38: Data não informada. | Z38: NÃO | AA38: 46199 | AB38: INVIÁVEL | AC38: INVIÁVEL | AD38: INVIÁVEL | AE38: INVIÁVEL | AF38: INVIÁVEL | AG38: INVIÁVEL | AH38: INVIÁVEL | AI38: INVIÁVEL | AJ38: INVIÁVEL | AK38: INVIÁVEL
A39: 28 - Redução consumo MTP aplicando tolerância mínima curva C | B39: SLZ0100RJ0574 | C39: Mean to-low Curva C | D39: GMW2M-ST-S-CR3-HD60G60G-U 0,80X1300 | E39: 1.37 | F39: 24586.69 | G39: JARINU | H39: Ferrolene | J39: 1 | K39: ±0,03 | L39: -0,02 / +0,00 | N39: N/A | O39: N/A | Q39: N/A | R39: N/A | T39: N/A | U39: N/A | V39: N/A | W39: N/A | Y39: Data não informada. | Z39: NÃO | AA39: 46199 | AB39: INVIÁVEL | AC39: INVIÁVEL | AD39: INVIÁVEL | AE39: INVIÁVEL | AF39: INVIÁVEL | AG39: INVIÁVEL | AH39: INVIÁVEL | AI39: INVIÁVEL | AJ39: INVIÁVEL | AK39: INVIÁVEL
A40: 48 - REDUÇÃO DE MP BOZ0150HX1000 | B40: BOZ0150HX1000 | D40: GMW3032M-ST-S-340LA-HD60G60G-U 1,5X1000 | E40: 15.5 | F40: 43285.04 | G40: DIADEMA | H40: USIMINAS | J40: 1.5 | K40: N/A | L40: N/A | N40: N/A | O40: N/A | Q40: N/A | R40: N/A | T40: 1000 | U40: 950 | V40: N/A | W40: N/A | Y40: Data não informada. | Z40: SIM | AA40: 46120 | AB40: 46141 | AC40: 46134 | AD40: VIÁVEL | AE40: N/A | AF40: N/A | AG40: VERIFICAR PROGRAMAÇÃO | AH40: 46247 | AI40: VERIFICAR PROGRAMAÇÃO | AJ40: LOGÍSTICA - PROGRAMAÇÃO
A41: 28 - Redução consumo MTP aplicando tolerância mínima curva C | B41: BOZ0070HU1350 | C41: Mean to-low Curva C | D41: GMW2M-ST-S-CR2+HD60G60G-U | E41: 4.61 | F41: 22999.954 | G41: JARINU | H41: Usiminas | J41: 0.7 | K41: ±0,02 | L41: -0,02 / +0,00 | N41: N/A | O41: N/A | Q41: N/A | R41: N/A | T41: N/A | U41: N/A | V41: N/A | W41: N/A | Y41: 46294 | Z41: NÃO | AJ41: COMPRAS - ENVIO PARA USINA
A42: 28 - Redução consumo MTP aplicando tolerância mínima curva C | B42: BOF0140HY1050 | C42: Mean to-low Curva C | D42: GMW3032M-ST-S-340LA-UNCOATED-U | E42: 4.14 | F42: 40079.58 | G42: JARINU | H42: Usiminas | J42: 1.4 | K42: ±0,065 | L42: -0,0325 / +0 | N42: N/A | O42: N/A | Q42: N/A | R42: N/A | T42: N/A | U42: N/A | V42: N/A | W42: N/A | Y42: 46294 | Z42: NÃO | AJ42: COMPRAS - ENVIO PARA USINA
A43: 27 - Redução consumo MTP aplicando tolerância mínima curva B | B43: SLZ0150HV0383 | C43: Mean to-low Curva B | D43: GMW2M-ST-S-CR3-HD60G60G-U | E43: 13.9 | F43: 15706.678 | G43: JARINU | H43: S.U | J43: 1.5 | K43: ±0,055 | L43: -0,0275 / +0,00 | N43: N/A | O43: N/A | Q43: N/A | R43: N/A | T43: N/A | U43: N/A | V43: N/A | W43: N/A | Y43: Data não informada. | Z43: SIM | AA43: INVIÁVEL | AB43: INVIÁVEL | AC43: INVIÁVEL | AD43: INVIÁVEL | AE43: INVIÁVEL | AF43: INVIÁVEL | AG43: INVIÁVEL | AH43: INVIÁVEL | AI43: INVIÁVEL | AJ43: INVIÁVEL
A44: 28 - Redução consumo MTP aplicando tolerância mínima curva C | B44: BOF0100HY1050 | C44: Mean to-low Curva C | D44: GMW3032M-ST-S-CR340LA-U | E44: 4 | F44: 18761.628 | G44: JARINU | H44: Usiminas | J44: 1 | K44: ±0,055 | L44: -0,0275 / +0,00 | N44: N/A | O44: N/A | Q44: N/A | R44: N/A | T44: N/A | U44: N/A | V44: N/A | W44: N/A | Y44: 46294 | Z44: NÃO | AJ44: COMPRAS - ENVIO PARA USINA
A45: 27 - Redução consumo MTP aplicando tolerância mínima curva B | B45: BOF0150SF1100 | C45: Mean to-low Curva B | D45: DINEN10130DC01 | E45: 15.71 | F45: =5418.58+11198.892152448 -> 16617.472 | G45: JARINU | H45: FERROLENE | J45: 1.5 | K45: +/-0,08 | L45: -0,04 / +0,00 | N45: -0,00 / + 12,00 | O45: -0,00 / +6,0 | Q45: N/A | R45: N/A | T45: N/A | U45: N/A | V45: N/A | W45: N/A | Y45: Data não informada. | Z45: NÃO | AA45: INVIÁVEL | AB45: INVIÁVEL | AC45: INVIÁVEL | AD45: INVIÁVEL | AE45: INVIÁVEL | AF45: INVIÁVEL | AG45: INVIÁVEL | AH45: INVIÁVEL | AI45: INVIÁVEL | AJ45: INVIÁVEL | AK45: FORNECEDOR IRÁ COMUNICAR A VW AS ALTERAÇÕES
B46: BOZ0070UI0800 | C46: Bordas aparadas | D46: BOZ VW50065 CR3 GI40/40-U-O 0,70X800 | E46: 12.53 | F46: 15224.98 | G46: JARINU | H46: S.U | J46: N/A | K46: N/A | L46: N/A | Q46: N/A | R46: N/A | T46: N/A | U46: N/A | V46: N/A | W46: N/A | Y46: Data não informada. | Z46: SIM | AA46: 46199 | AB46: INVIÁVEL | AC46: INVIÁVEL | AD46: INVIÁVEL | AE46: INVIÁVEL | AF46: INVIÁVEL | AG46: INVIÁVEL | AH46: INVIÁVEL | AI46: INVIÁVEL | AJ46: INVIÁVEL
A47: 27 - Redução consumo MTP aplicando tolerância mínima curva B | B47: SLF0075UO0500 | C47: Mean to-low Curva B | D47: VW50065-CR4-UC-U-O | E47: 5.652 | F47: 10239.625 | G47: JARINU | H47: S.U | J47: 0.75 | K47: ±0,35 | L47: -0,02 / +0,00 | N47: N/A | O47: N/A | Q47: N/A | R47: N/A | T47: N/A | U47: N/A | V47: N/A | W47: N/A | Y47: Data não informada. | Z47: SIM | AA47: 46199 | AB47: 46245 | AC47: INVIÁVEL | AD47: INVIÁVEL | AE47: INVIÁVEL | AF47: INVIÁVEL | AG47: INVIÁVEL | AH47: INVIÁVEL | AI47: INVIÁVEL | AJ47: INVIÁVEL
A48: 28 - Redução consumo MTP aplicando tolerância mínima curva C | B48: BOZ0120HU1300 | C48: Mean to-low Curva C | D48: GMW2MSTS-CR2 HD60G60G-U TO GMW8 | E48: 5.69 | F48: =14582.7877499304+3700 -> 18282.788 | G48: JARINU | H48: Usiminas | J48: 1.2 | K48: ±0,055 | L48: -0,0275 / +0,00 | N48: N/A | O48: N/A | Q48: N/A | R48: N/A | T48: N/A | U48: N/A | V48: N/A | W48: N/A | Y48: 46294 | Z48: NÃO | AJ48: COMPRAS - ENVIO PARA USINA
A49: 28 - Redução consumo MTP aplicando tolerância mínima curva C | B49: BOZ0150HV1100 | C49: Mean to-low Curva C | D49: GMW2M-ST-S-CR3-HD60G60G-U | E49: 8.63 | F49: 12633.086 | G49: JARINU | H49: Usiminas | J49: 1.5 | K49: ±0,03 | L49: -0,02 / +0,00 | N49: N/A | O49: N/A | Q49: N/A | R49: N/A | T49: N/A | U49: N/A | V49: N/A | W49: N/A | Y49: Data não informada. | Z49: SIM | AA49: 46217 | AB49: 46245 | AC49: INVIÁVEL | AD49: INVIÁVEL | AE49: INVIÁVEL | AF49: INVIÁVEL | AG49: INVIÁVEL | AH49: INVIÁVEL | AI49: INVIÁVEL | AJ49: INVIÁVEL
A50: 28 - Redução consumo MTP aplicando tolerância mínima curva C | B50: BOZ0120HU1000 | C50: Mean to-low Curva C | D50: GMW2M-ST-S-CR2-HD60G60G-U | E50: 4 | F50: 12157.463 | G50: JARINU | H50: Usiminas | J50: 1.2 | K50: ±0,04 | L50: -0,02 / +0,00 | N50: N/A | O50: N/A | Q50: N/A | R50: N/A | T50: N/A | U50: N/A | V50: N/A | W50: N/A | Y50: 46294 | Z50: NÃO | AJ50: COMPRAS - ENVIO PARA USINA
A51: 28 - Redução consumo MTP aplicando tolerância mínima curva C | B51: BOF0100HY1400 | C51: Mean to-low Curva C | D51: GMW3032M-ST-S-CR340LA-U | E51: 2.74 | F51: 12062.94 | G51: JARINU | H51: Usiminas | J51: 1 | K51: ±0,055 | L51: -0,0275 / +0,00 | N51: N/A | O51: N/A | Q51: N/A | R51: N/A | T51: N/A | U51: N/A | V51: N/A | W51: N/A | Y51: 46294 | Z51: NÃO | AJ51: COMPRAS - ENVIO PARA USINA
A52: 28 - Redução consumo MTP aplicando tolerância mínima curva C | B52: BOZ0150HV1050 | C52: Mean to-low Curva C | D52: GMW2M-ST-S-CR3-HD60G60G-U | E52: 4.6 | F52: 11841.608 | G52: JARINU | H52: Usiminas | J52: 1.5 | K52: ±0,055 | L52: -0,0275 / +0,00 | N52: N/A | O52: N/A | Q52: N/A | R52: N/A | T52: N/A | U52: N/A | V52: N/A | W52: N/A | Y52: 46294 | Z52: NÃO | AJ52: COMPRAS - ENVIO PARA USINA
A53: 27 - Redução consumo MTP aplicando tolerância mínima curva B | B53: SLF0250TK0525 | C53: Mean to-low Curva B | D53: VW50065-CR240LA-U | E53: 6.4512 | F53: 9529.5824 | G53: JARINU | H53: S.U | J53: 2.5 | K53: ±0,105 | L53: -0,0675 / +0,00 PROPOSTA DELGA | N53: N/A | O53: N/A | Q53: N/A | R53: N/A | T53: N/A | U53: N/A | V53: N/A | W53: N/A | Y53: Data não informada. | Z53: SIM | AA53: 46199 | AB53: 46245 | AC53: 46260 | AD53: VIÁVEL | AE53: 46294 | AF53: 46294 | AG53: 46294 | AH53: 46311 | AI53: 46456 | AJ53: USINA - EM PRODUÇÃO | AK53: RESPOSTA CONSULTA METALÚRGICA DEVOLVIDA 26/08 - AGUARDANDO VALIDAÇÃO DA ENGENHARIA
A54: 27 - Redução consumo MTP aplicando tolerância mínima curva B | B54: SLQ0400VI0180 | C54: Mean to-low Curva B | D54: VW50065HR660Y760T-CP | E54: 11.65 | F54: 10196.018 | G54: JARINU | H54: GONVARRI | J54: 4 | K54: ±0,2 | L54: -0,10 / +0,00 | N54: N/A | O54: N/A | Q54: N/A | R54: N/A | T54: N/A | U54: N/A | V54: N/A | W54: N/A | Y54: Data não informada. | Z54: SIM | AA54: 46199 | AB54: INVIÁVEL | AC54: INVIÁVEL | AD54: INVIÁVEL | AE54: INVIÁVEL | AF54: INVIÁVEL | AG54: INVIÁVEL | AH54: INVIÁVEL | AI54: INVIÁVEL | AJ54: INVIÁVEL | AK54: INVIÁVEL MTL SEM COMUNICAR-MOS O CLIENTE FINAL
A55: 28 - Redução consumo MTP aplicando tolerância mínima curva C | B55: BOZ0120HU1400 | C55: Mean to-low Curva C | D55: GMW2M-ST-S-CR2 HD60G60G-U 1,2x1100 | E55: 0.66 | F55: 9673.2695 | G55: JARINU | H55: Usiminas | J55: 1.2 | K55: ±0,055 | L55: -0,0275 / +0,00 | N55: N/A | O55: N/A | Q55: N/A | R55: N/A | T55: N/A | U55: N/A | V55: N/A | W55: N/A | Y55: 46294 | Z55: NÃO | AJ55: COMPRAS - ENVIO PARA USINA
A56: 28 - Redução consumo MTP aplicando tolerância mínima curva C | B56: BOZ0100HV1200 | C56: Mean to-low Curva C | D56: GMW2M-ST-S-CR3-HD60G60G-U | E56: 2.89 | F56: =5800+9606.03732269998 -> 15406.037 | G56: JARINU | H56: Usiminas | J56: 1 | K56: ±0,04 | L56: -0,02 / +0,00 | N56: N/A | O56: N/A | Q56: N/A | R56: N/A | T56: N/A | U56: N/A | V56: N/A | W56: N/A | Y56: 46294 | Z56: NÃO | AJ56: COMPRAS - ENVIO PARA USINA
A57: 27 - Redução consumo MTP aplicando tolerância mínima curva B | B57: SLZ0080SL0350 | C57: Mean to-low Curva B | D57: VW50065CR180IF-GI40/40 | E57: 5.1935 | F57: 8902.0294 | G57: JARINU | H57: S.U | J57: 0.8 | K57: ±0,035 | L57: -0,02 / +0,00 | N57: N/A | O57: N/A | Q57: N/A | R57: N/A | T57: N/A | U57: N/A | V57: N/A | W57: N/A | Y57: Data não informada. | Z57: SIM | AA57: 46199 | AB57: 46245 | AC57: INVIÁVEL | AD57: INVIÁVEL | AE57: INVIÁVEL | AF57: INVIÁVEL | AG57: INVIÁVEL | AH57: INVIÁVEL | AI57: INVIÁVEL | AJ57: INVIÁVEL
A58: 28 - Redução consumo MTP aplicando tolerância mínima curva C | B58: BOQ0300HL1050 | C58: Mean to-low Curva C | D58: GMW3032M-ST-S-340LA-UNCOATED-U | E58: 6.84 | F58: 8977.6446 | G58: JARINU | H58: Usiminas | J58: 3 | K58: ±0,08 | L58: -0,04 / +0,00 | N58: N/A | O58: N/A | Q58: N/A | R58: N/A | T58: N/A | U58: N/A | V58: N/A | W58: N/A | Y58: 46294 | Z58: NÃO | AJ58: COMPRAS - ENVIO PARA USINA
A59: 27 - Redução consumo MTP aplicando tolerância mínima curva B | B59: SLZ0180SN0300 | C59: Mean to-low Curva B | D59: VW50065CR380LAGI40/40 | E59: 12.333375 | F59: 8426.3931 | G59: JARINU | H59: S.U | J59: 1.8 | K59: ±0,045 | L59: -0,04 / +0,00 | N59: N/A | O59: N/A | Q59: N/A | R59: N/A | T59: N/A | U59: N/A | V59: N/A | W59: N/A | Y59: Data não informada. | Z59: SIM | AA59: 46199 | AB59: 46245 | AC59: 46260 | AD59: VIÁVEL | AE59: 46294 | AF59: 46294 | AG59: 46294 | AH59: 46311 | AI59: 46456 | AJ59: USINA - EM PRODUÇÃO | AK59: RESPOSTA CONSULTA METALÚRGICA DEVOLVIDA 26/08 - AGUARDANDO VALIDAÇÃO DA ENGENHARIA
A60: 27 - Redução consumo MTP aplicando tolerância mínima curva B | B60: SLZ0150TG0263 | C60: Mean to-low Curva B | D60: VW50065CR270LAGI40/40-U | E60: 1.0164 | F60: 7591.6561 | G60: JARINU | H60: S.U | J60: 1.5 | K60: ±0,065 | L60: -0,04 / +0,00 | N60: N/A | O60: N/A | Q60: N/A | R60: N/A | T60: N/A | U60: N/A | V60: N/A | W60: N/A | Y60: Data não informada. | Z60: SIM | AA60: 46199 | AB60: 46245 | AC60: 46260 | AD60: VIÁVEL | AE60: 46294 | AF60: 46294 | AG60: 46294 | AH60: 46311 | AI60: 46456 | AJ60: USINA - EM PRODUÇÃO | AK60: RESPOSTA CONSULTA METALÚRGICA DEVOLVIDA 26/08 - AGUARDANDO VALIDAÇÃO DA ENGENHARIA
A61: 08 - Redução de peso bruto MB002446LA / MB003670LA / MB003671LA | B61: CHQ0300EB11501520 | D61: CHQ NBR6656 LNE280-J1 | E61: 5.6 | F61: 13137.64 | G61: DIADEMA | H61: GONVARRI | J61: 3 | K61: -0,25 / +0,25 | L61: N/A | N61: N/A | O61: N/A | Q61: N/A | R61: N/A | T61: 1150 | U61: 1000 | V61: 1520 | W61: N/A | Y61: 46038 | Z61: SIM | AA61: 46038 | AB61: 46069 | AC61: 46071 | AD61: INVIÁVEL | AE61: INVIÁVEL | AF61: INVIÁVEL | AG61: INVIÁVEL | AH61: INVIÁVEL | AI61: INVIÁVEL | AJ61: INVIÁVEL | AK61: GANHO FOI REALIZADO AJUSTANDO O LAYOUT DAS PEÇAS. GANHO DO PESO BRUTO COM A MESMA LARGURA PRATICADA.
A62: 27 - Redução consumo MTP aplicando tolerância mínima curva B | B62: SLZ0150TG0350 | C62: Mean to-low Curva B | D62: VW50065CR270LAGI4040-U-O | E62: 2.22836 | F62: 8029.7351 | G62: JARINU | H62: CSN | J62: 1.5 | K62: ±0,065 | L62: -0,0325 / +0 | N62: N/A | O62: N/A | Q62: N/A | R62: N/A | T62: N/A | U62: N/A | V62: N/A | W62: N/A | Y62: Data não informada. | Z62: NÃO | AA62: 46199 | AB62: INVIÁVEL | AC62: INVIÁVEL | AD62: INVIÁVEL | AE62: INVIÁVEL | AF62: INVIÁVEL | AG62: INVIÁVEL | AH62: INVIÁVEL | AI62: INVIÁVEL | AJ62: INVIÁVEL | AK62: CSN - INVIÁVEL FORNECIMENTO SEM INFORMAR O CLIENTE FINAL
A63: 28 - Redução consumo MTP aplicando tolerância mínima curva C | B63: BOZ0120HU1150 | C63: Mean to-low Curva C | D63: GMW2M-ST-S-CR3-HD60G60G-U | E63: 4.16 | F63: 7989.1898 | G63: JARINU | H63: Usiminas | J63: 1.2 | K63: ±0,04 | L63: -0,02 / +0,00 | N63: N/A | O63: N/A | Q63: N/A | R63: N/A | T63: N/A | U63: N/A | V63: N/A | W63: N/A | Y63: 46294 | Z63: NÃO | AJ63: COMPRAS - ENVIO PARA USINA
A64: 27 - Redução consumo MTP aplicando tolerância mínima curva B | B64: SLZ0120SK0350 | C64: Mean to-low Curva B | D64: SL VW50065 - CR2 -GI40/40-U 1,20X350MM | E64: 2.19375 | F64: 7375.3944 | G64: JARINU | H64: S.U | J64: 1.2 | K64: ±0,045 | L64: -0,02 / +0,00 | N64: N/A | O64: N/A | Q64: N/A | R64: N/A | T64: N/A | U64: N/A | V64: N/A | W64: N/A | Y64: Data não informada. | Z64: SIM | AA64: 46199 | AB64: INVIÁVEL | AC64: INVIÁVEL | AD64: INVIÁVEL | AE64: INVIÁVEL | AF64: INVIÁVEL | AG64: INVIÁVEL | AH64: INVIÁVEL | AI64: INVIÁVEL | AJ64: INVIÁVEL
A65: 27 - Redução consumo MTP aplicando tolerância mínima curva B | B65: SLF0160TF0417 | C65: Mean to-low Curva B | D65: VW50065CR240LA-UC-U-O | E65: 3.88722 | F65: 6848.751 | G65: JARINU | H65: S.U | J65: 1.6 | K65: ±0,075 | L65: -0,04 / +0,00 | N65: N/A | O65: N/A | Q65: N/A | R65: N/A | T65: N/A | U65: N/A | V65: N/A | W65: N/A | Y65: Data não informada. | Z65: SIM | AA65: 46199 | AB65: 46245 | AC65: 46260 | AD65: VIÁVEL | AE65: 46294 | AF65: 46294 | AG65: 46294 | AH65: 46311 | AI65: 46456 | AJ65: USINA - EM PRODUÇÃO | AK65: RESPOSTA CONSULTA METALÚRGICA DEVOLVIDA 26/08 - AGUARDANDO VALIDAÇÃO DA ENGENHARIA
A66: 27 - Redução consumo MTP aplicando tolerância mínima curva B | B66: SLF0150TN0350 | C66: Mean to-low Curva B | D66: INAVW50065CR270LA | E66: 4.21175 | F66: 6584.0711 | G66: JARINU | H66: S.U | J66: 1.5 | K66: ±0,065 | L66: -0,04 / +0,00 | N66: N/A | O66: N/A | Q66: N/A | R66: N/A | T66: N/A | U66: N/A | V66: N/A | W66: N/A | Y66: Data não informada. | Z66: SIM | AA66: 46199 | AB66: 46245 | AC66: 46260 | AD66: VIÁVEL | AE66: 46294 | AF66: 46294 | AG66: 46294 | AH66: 46311 | AI66: 46456 | AJ66: USINA - EM PRODUÇÃO | AK66: RESPOSTA CONSULTA METALÚRGICA DEVOLVIDA 26/08 - AGUARDANDO VALIDAÇÃO DA ENGENHARIA
A67: 27 - Redução consumo MTP aplicando tolerância mínima curva B | B67: SLZ0120SK0375 | C67: Mean to-low Curva B | D67: VW50065-CR2-GI40/40-U-O | E67: 6.59352 | F67: 6829.605 | G67: JARINU | H67: CSN | J67: 1.2 | K67: ±0,055 | L67: -0,0275 / +0,00 | N67: N/A | O67: N/A | Q67: N/A | R67: N/A | T67: N/A | U67: N/A | V67: N/A | W67: N/A | Y67: Data não informada. | Z67: NÃO | AA67: 46199 | AB67: INVIÁVEL | AC67: INVIÁVEL | AD67: INVIÁVEL | AE67: INVIÁVEL | AF67: INVIÁVEL | AG67: INVIÁVEL | AH67: INVIÁVEL | AI67: INVIÁVEL | AJ67: INVIÁVEL | AK67: CSN - INVIÁVEL FORNECIMENTO SEM INFORMAR O CLIENTE FINAL
A68: 27 - Redução consumo MTP aplicando tolerância mínima curva B | B68: SLF0250TF0500 | C68: Mean to-low Curva B | D68: VW50065-CR240LA-UC-U-O | E68: 5.9535 | F68: 6369.1098 | G68: JARINU | H68: S.U | J68: 2.5 | K68: ±0,135 | L68: -0,0675 / +0,00 | N68: N/A | O68: N/A | Q68: N/A | R68: N/A | T68: N/A | U68: N/A | V68: N/A | W68: N/A | Y68: Data não informada. | Z68: SIM | AA68: 46199 | AB68: 46245 | AC68: 46260 | AD68: VIÁVEL | AE68: 46294 | AF68: 46294 | AG68: 46294 | AH68: 46311 | AI68: 46456 | AJ68: USINA - EM PRODUÇÃO | AK68: RESPOSTA CONSULTA METALÚRGICA DEVOLVIDA 26/08 - AGUARDANDO VALIDAÇÃO DA ENGENHARIA
A69: 27 - Redução consumo MTP aplicando tolerância mínima curva B | B69: SLF0150TN0367 | C69: Mean to-low Curva B | D69: INAVW50065CR270LA | E69: 3.9763875 | F69: 6302.4478 | G69: JARINU | H69: S.U | J69: 1.5 | K69: ±0,08 | L69: -0,04 / +0,00 | N69: N/A | O69: N/A | Q69: N/A | R69: N/A | T69: N/A | U69: N/A | V69: N/A | W69: N/A | Y69: Data não informada. | Z69: SIM | AA69: 46199 | AB69: INVIÁVEL | AC69: INVIÁVEL | AD69: INVIÁVEL | AE69: INVIÁVEL | AF69: INVIÁVEL | AG69: INVIÁVEL | AH69: INVIÁVEL | AI69: INVIÁVEL | AJ69: INVIÁVEL
A70: 27 - Redução consumo MTP aplicando tolerância mínima curva B | B70: SLZ0070TJ0270 | C70: Mean to-low Curva B | D70: VW50065 CR210LAGI4040-U-O | E70: 1.95 | F70: 6109.2115 | G70: JARINU | H70: S.U | J70: 0.7 | K70: ±0,04 | L70: -0,02 / +0,00 | N70: N/A | O70: N/A | Q70: N/A | R70: N/A | T70: N/A | U70: N/A | V70: N/A | W70: N/A | Y70: Data não informada. | Z70: SIM | AA70: 46199 | AB70: INVIÁVEL | AC70: INVIÁVEL | AD70: INVIÁVEL | AE70: INVIÁVEL | AF70: INVIÁVEL | AG70: INVIÁVEL | AH70: INVIÁVEL | AI70: INVIÁVEL | AJ70: INVIÁVEL
A71: 28 - Redução consumo MTP aplicando tolerância mínima curva C | B71: BOZ0060HU1000 | C71: Mean to-low Curva C | D71: BOB GMW2M-ST-S CR2HD60G/60GU-0,60X1000mm | E71: 0.05 | F71: 6241.7428 | G71: JARINU | H71: Usiminas | J71: 0.6 | K71: ±0,03 | L71: -0,02 / +0,00 | N71: N/A | O71: N/A | Q71: N/A | R71: N/A | T71: N/A | U71: N/A | V71: N/A | W71: N/A | Y71: 46294 | Z71: NÃO | AJ71: COMPRAS - ENVIO PARA USINA
A72: 28 - Redução consumo MTP aplicando tolerância mínima curva C | B72: SLZ0120SK0600 | C72: Mean to-low Curva C | D72: VW 50065 - CR2-GI40/40-U | E72: 7.6096 | F72: 5364.2952 | G72: JARINU | H72: S.U | J72: 1.2 | K72: ±0,04 | L72: -0,02 / +0,00 | N72: N/A | O72: N/A | Q72: N/A | R72: N/A | T72: N/A | U72: N/A | V72: N/A | W72: N/A | Y72: Data não informada. | Z72: SIM | AA72: 46199 | AB72: INVIÁVEL | AC72: INVIÁVEL | AD72: INVIÁVEL | AE72: INVIÁVEL | AF72: INVIÁVEL | AG72: INVIÁVEL | AH72: INVIÁVEL | AI72: INVIÁVEL | AJ72: INVIÁVEL
A73: 27 - Redução consumo MTP aplicando tolerância mínima curva B | B73: SLZ0120UL0467 | C73: Mean to-low Curva B | D73: VW50065CR2GI40/40-U-O | E73: 5.7246 | F73: 6072.2603 | G73: JARINU | H73: CSN | J73: 1.2 | K73: ±0,055 | L73: -0,0275 / +0,00 | N73: N/A | O73: N/A | Q73: N/A | R73: N/A | T73: N/A | U73: N/A | V73: N/A | W73: N/A | Y73: Data não informada. | Z73: NÃO | AA73: 46199 | AB73: INVIÁVEL | AC73: INVIÁVEL | AD73: INVIÁVEL | AE73: INVIÁVEL | AF73: INVIÁVEL | AG73: INVIÁVEL | AH73: INVIÁVEL | AI73: INVIÁVEL | AJ73: INVIÁVEL | AK73: CSN - INVIÁVEL FORNECIMENTO SEM INFORMAR O CLIENTE FINAL
A74: 28 - Redução consumo MTP aplicando tolerância mínima curva C | B74: SLZ0070TD0300 | C74: Mean to-low Curva C | D74: SL VW50065-CR240LA-GI40/40-U 0,70X300MM | E74: 0.36 | F74: 4056.9784 | G74: JARINU | H74: S.U | J74: 0.7 | K74: ±0,04 | L74: -0,02 / +0,00 | N74: N/A | O74: N/A | Q74: N/A | R74: N/A | T74: N/A | U74: N/A | V74: N/A | W74: N/A | Y74: Data não informada. | Z74: SIM | AA74: 46199 | AB74: INVIÁVEL | AC74: INVIÁVEL | AD74: INVIÁVEL | AE74: INVIÁVEL | AF74: INVIÁVEL | AG74: INVIÁVEL | AH74: INVIÁVEL | AI74: INVIÁVEL | AJ74: INVIÁVEL
A75: 28 - Redução consumo MTP aplicando tolerância mínima curva C | B75: BOZ0080HV1300 | C75: Mean to-low Curva C | D75: GMW2M-ST-S-CR3-HD60G60G-U 0,80X1300 | E75: 1.37 | F75: 5301.6761 | G75: JARINU | H75: Usiminas | J75: 0.8 | K75: ±0,04 | L75: -0,02 / +0,00 | N75: N/A | O75: N/A | Q75: N/A | R75: N/A | T75: N/A | U75: N/A | V75: N/A | W75: N/A | Y75: 46294 | Z75: NÃO | AJ75: COMPRAS - ENVIO PARA USINA
A76: 28 - Redução consumo MTP aplicando tolerância mínima curva C | B76: BOZ0060HV1000 | C76: Mean to-low Curva C | D76: GMW2M-ST-S-CR3-HD60G60G-U 0,60X1000 | E76: 0.63 | F76: 4306.0299 | G76: JARINU | H76: Usiminas | J76: 0.6 | K76: ±0,03 | L76: -0,02 / +0,00 | N76: N/A | O76: N/A | Q76: N/A | R76: N/A | T76: N/A | U76: N/A | V76: N/A | W76: N/A | Y76: 46294 | Z76: NÃO | AJ76: COMPRAS - ENVIO PARA USINA
A77: 28 - Redução consumo MTP aplicando tolerância mínima curva C | B77: SLF0250TF0175 | C77: Mean to-low Curva C | D77: VW50065-CR240LA-UC-U-O | E77: 4.176 | F77: 3984.527 | G77: JARINU | H77: S.U | J77: 2.5 | K77: 0.105 | L77: - 0,0525 / +0,00 | N77: N/A | O77: N/A | Q77: N/A | R77: N/A | T77: N/A | U77: N/A | V77: N/A | W77: N/A | Y77: Data não informada. | Z77: SIM | AA77: 46199 | AB77: 46245 | AC77: 46260 | AD77: VIÁVEL | AE77: 46294 | AF77: 46294 | AG77: 46294 | AH77: 46311 | AI77: 46456 | AJ77: USINA - EM PRODUÇÃO | AK77: RESPOSTA CONSULTA METALÚRGICA DEVOLVIDA 26/08 - AGUARDANDO VALIDAÇÃO DA ENGENHARIA
A78: 28 - Redução consumo MTP aplicando tolerância mínima curva C | B78: SLF0065TJ0288 | C78: Mean to-low Curva C | D78: VW50065-CR210LA | E78: 1.1088 | F78: 3844.3218 | G78: JARINU | H78: S.U | J78: 0.65 | K78: ±0,04 | L78: -0,02 / +0,00 | N78: N/A | O78: N/A | Q78: N/A | R78: N/A | T78: N/A | U78: N/A | V78: N/A | W78: N/A | Y78: Data não informada. | Z78: SIM | AA78: 46199 | AB78: INVIÁVEL | AC78: INVIÁVEL | AD78: INVIÁVEL | AE78: INVIÁVEL | AF78: INVIÁVEL | AG78: INVIÁVEL | AH78: INVIÁVEL | AI78: INVIÁVEL | AJ78: INVIÁVEL
A79: 28 - Redução consumo MTP aplicando tolerância mínima curva C | B79: SLZ0060TJ0312 | C79: Mean to-low Curva C | D79: VW50065CR210LAGI4040UO | E79: 2.59335 | F79: 3720.616 | G79: JARINU | H79: S.U | J79: 0.6 | K79: ±0,04 | L79: -0,02 / +0,00 | N79: N/A | O79: N/A | Q79: N/A | R79: N/A | T79: N/A | U79: N/A | V79: N/A | W79: N/A | Y79: Data não informada. | Z79: SIM | AA79: 46199 | AB79: INVIÁVEL | AC79: INVIÁVEL | AD79: INVIÁVEL | AE79: INVIÁVEL | AF79: INVIÁVEL | AG79: INVIÁVEL | AH79: INVIÁVEL | AI79: INVIÁVEL | AJ79: INVIÁVEL
A80: 28 - Redução consumo MTP aplicando tolerância mínima curva C | B80: SLZ0080SK0350 | C80: Mean to-low Curva C | D80: VW50065-CR2-GI40/40-U | E80: 3.6972 | F80: 3330.9095 | G80: JARINU | H80: S.U | J80: 0.8 | K80: ±0,04 | L80: -0,02 / +0,00 | N80: N/A | O80: N/A | Q80: N/A | R80: N/A | T80: N/A | U80: N/A | V80: N/A | W80: N/A | Y80: Data não informada. | Z80: SIM | AA80: 46199 | AB80: INVIÁVEL | AC80: INVIÁVEL | AD80: INVIÁVEL | AE80: INVIÁVEL | AF80: INVIÁVEL | AG80: INVIÁVEL | AH80: INVIÁVEL | AI80: INVIÁVEL | AJ80: INVIÁVEL
A81: 28 - Redução consumo MTP aplicando tolerância mínima curva C | B81: SLF0120TF0325 | C81: Mean to-low Curva C | D81: VW50065CR240LA-UC-U | E81: 0.7790585 | F81: 3516.7974 | G81: JARINU | H81: GONVARRI | J81: 1.2 | K81: ±0,065 | L81: -0,0325 / +0 | N81: N/A | O81: N/A | Q81: N/A | R81: N/A | T81: N/A | U81: N/A | V81: N/A | W81: N/A | Y81: Data não informada. | Z81: SIM | AA81: 46199 | AB81: INVIÁVEL | AC81: INVIÁVEL | AD81: INVIÁVEL | AE81: INVIÁVEL | AF81: INVIÁVEL | AG81: INVIÁVEL | AH81: INVIÁVEL | AI81: INVIÁVEL | AJ81: INVIÁVEL | AK81: INVIÁVEL MTL SEM COMUNICAR-MOS O CLIENTE FINAL
A82: 28 - Redução consumo MTP aplicando tolerância mínima curva C | B82: SLZ0080TD0337 | C82: Mean to-low Curva C | D82: VW50065 CR240LAGI40/40 | E82: 1.26 | F82: 3471.1709 | G82: JARINU | H82: CSN | J82: 0.8 | K82: ±0,04 | L82: -0,02 / +0,00 | N82: N/A | O82: N/A | Q82: N/A | R82: N/A | T82: N/A | U82: N/A | V82: N/A | W82: N/A | Y82: Data não informada. | Z82: NÃO | AA82: 46199 | AB82: INVIÁVEL | AC82: INVIÁVEL | AD82: INVIÁVEL | AE82: INVIÁVEL | AF82: INVIÁVEL | AG82: INVIÁVEL | AH82: INVIÁVEL | AI82: INVIÁVEL | AJ82: INVIÁVEL | AK82: CSN - INVIÁVEL FORNECIMENTO SEM INFORMAR O CLIENTE FINAL
A83: 28 - Redução consumo MTP aplicando tolerância mínima curva C | B83: SLF0120HA0280 | C83: Mean to-low Curva C | D83: VW50060-1HC260LA | E83: 2.543625 | F83: 3305.7043 | G83: JARINU | H83: S.U | J83: 1.2 | K83: ±0,04 | L83: -0,02 / +0,00 | N83: N/A | O83: N/A | Q83: N/A | R83: N/A | T83: N/A | U83: N/A | V83: N/A | W83: N/A | Y83: Data não informada. | Z83: SIM | AA83: 46199 | AB83: INVIÁVEL | AC83: INVIÁVEL | AD83: INVIÁVEL | AE83: INVIÁVEL | AF83: INVIÁVEL | AG83: INVIÁVEL | AH83: INVIÁVEL | AI83: INVIÁVEL | AJ83: INVIÁVEL
A84: 28 - Redução consumo MTP aplicando tolerância mínima curva C | B84: SLZ0120UL0238 | C84: Mean to-low Curva C | D84: VW 50065 - CR2-GI40/40-U | E84: 2.147397 | F84: 2833.87 | G84: JARINU | H84: S.U | J84: 1.2 | K84: ±0,04 | L84: -0,02 / +0,00 | N84: N/A | O84: N/A | Q84: N/A | R84: N/A | T84: N/A | U84: N/A | V84: N/A | W84: N/A | Y84: Data não informada. | Z84: SIM | AA84: 46199 | AB84: INVIÁVEL | AC84: INVIÁVEL | AD84: INVIÁVEL | AE84: INVIÁVEL | AF84: INVIÁVEL | AG84: INVIÁVEL | AH84: INVIÁVEL | AI84: INVIÁVEL | AJ84: INVIÁVEL
A85: 28 - Redução consumo MTP aplicando tolerância mínima curva C | B85: SLF0180SO0190 | C85: Mean to-low Curva C | D85: VW50065CR210LA-UC-U | E85: 3.29175 | F85: 2328.8326 | G85: JARINU | H85: S.U | J85: 1.8 | K85: ±0,065 | L85: -0,0325 / +0 | N85: N/A | O85: N/A | Q85: N/A | R85: N/A | T85: N/A | U85: N/A | V85: N/A | W85: N/A | Y85: Data não informada. | Z85: SIM | AA85: 46199 | AB85: 46245 | AC85: 46260 | AD85: VIÁVEL | AE85: 46294 | AF85: 46294 | AG85: 46294 | AH85: 46311 | AI85: 46456 | AJ85: USINA - EM PRODUÇÃO | AK85: RESPOSTA CONSULTA METALÚRGICA DEVOLVIDA 26/08 - AGUARDANDO VALIDAÇÃO DA ENGENHARIA
A86: 28 - Redução consumo MTP aplicando tolerância mínima curva C | B86: SLZ0200SM0190 | C86: Mean to-low Curva C | D86: VW50065CR240LA-GI40/40 | E86: 2.56 | F86: 1225.2361 | G86: JARINU | H86: S.U | J86: 2 | K86: ±0,08 | L86: -0,04 / +0,00 | N86: N/A | O86: N/A | Q86: N/A | R86: N/A | T86: N/A | U86: N/A | V86: N/A | W86: N/A | Y86: Data não informada. | Z86: SIM | AA86: 46199 | AB86: 46245 | AC86: 46260 | AD86: VIÁVEL | AE86: 46294 | AF86: 46294 | AG86: 46294 | AH86: 46311 | AI86: 46456 | AJ86: USINA - EM PRODUÇÃO | AK86: RESPOSTA CONSULTA METALÚRGICA DEVOLVIDA 26/08 - AGUARDANDO VALIDAÇÃO DA ENGENHARIA
A87: 28 - Redução consumo MTP aplicando tolerância mínima curva C | B87: BOF0100OR1150 | C87: Mean to-low Curva C | D87: GMW2M-ST-S-CR3-UNCOATED-U | E87: 1.2 | F87: 1802.576 | G87: JARINU | H87: Usiminas | J87: 1 | K87: ±0,04 | L87: -0,02 / +0,00 | N87: N/A | O87: N/A | Q87: N/A | R87: N/A | T87: N/A | U87: N/A | V87: N/A | W87: N/A | Y87: 46294 | Z87: NÃO | AJ87: COMPRAS - ENVIO PARA USINA
A88: 28 - Redução consumo MTP aplicando tolerância mínima curva C | B88: SLZ0150SM0157 | C88: Mean to-low Curva C | D88: VW50065 CR240LA GI40/40 | E88: 0.84 | F88: 1532.6777 | G88: JARINU | H88: CSN | J88: 1.5 | K88: ±0,065 | L88: -0,0325 / +0 | N88: N/A | O88: N/A | Q88: N/A | R88: N/A | T88: N/A | U88: N/A | V88: N/A | W88: N/A | Y88: Data não informada. | Z88: NÃO | AA88: 46199 | AB88: INVIÁVEL | AC88: INVIÁVEL | AD88: INVIÁVEL | AE88: INVIÁVEL | AF88: INVIÁVEL | AG88: INVIÁVEL | AH88: INVIÁVEL | AI88: INVIÁVEL | AJ88: INVIÁVEL | AK88: CSN - INVIÁVEL FORNECIMENTO SEM INFORMAR O CLIENTE FINAL
A89: 28 - Redução consumo MTP aplicando tolerância mínima curva C | B89: BOZ0100HU1400 | C89: Mean to-low Curva C | D89: GMW2MSTSCR2 HD60G60G-U TO GMW8 | E89: 0.02 | F89: 1307.9088 | G89: JARINU | H89: Usiminas | J89: 1 | K89: ±0,04 | L89: -0,02 / +0,00 | N89: N/A | O89: N/A | Q89: N/A | R89: N/A | T89: N/A | U89: N/A | V89: N/A | W89: N/A | Y89: 46294 | Z89: NÃO | AJ89: COMPRAS - ENVIO PARA USINA
A90: 28 - Redução consumo MTP aplicando tolerância mínima curva C | B90: SLZ0200TP0165 | C90: Mean to-low Curva C | D90: CR300LAGI40/40-U | E90: 0.60876 | F90: 664.60044 | G90: JARINU | H90: S.U | J90: 2 | K90: ±0,08 | L90: -0,04 / +0,00 | N90: N/A | O90: N/A | Q90: N/A | R90: N/A | T90: N/A | U90: N/A | V90: N/A | W90: N/A | Y90: Data não informada. | Z90: SIM | AA90: 46199 | AB90: INVIÁVEL | AC90: INVIÁVEL | AD90: INVIÁVEL | AE90: INVIÁVEL | AF90: INVIÁVEL | AG90: INVIÁVEL | AH90: INVIÁVEL | AI90: INVIÁVEL | AJ90: INVIÁVEL
A91: 28 - Redução consumo MTP aplicando tolerância mínima curva C | B91: SLZ0100UA0120 | C91: Mean to-low Curva C | D91: VW50065-CR1GI40/40-U | E91: 0.4005 | F91: 465.2602 | G91: JARINU | H91: S.U | J91: 1 | K91: ±0,04 | L91: -0,02 / +0,00 | N91: N/A | O91: N/A | Q91: N/A | R91: N/A | T91: N/A | U91: N/A | V91: N/A | W91: N/A | Y91: Data não informada. | Z91: SIM | AA91: 46199 | AB91: INVIÁVEL | AC91: INVIÁVEL | AD91: INVIÁVEL | AE91: INVIÁVEL | AF91: INVIÁVEL | AG91: INVIÁVEL | AH91: INVIÁVEL | AI91: INVIÁVEL | AJ91: INVIÁVEL
A92: 27 - Redução consumo MTP aplicando tolerância mínima curva B | B92: SLF0150SF0100 | C92: Mean to-low Curva B | D92: DINEN10130DC01 | E92: 15.71 | F92: 573.93427 | G92: JARINU | H92: FERROLENE | J92: 1.5 | K92: ±0,04 | L92: -0,02 / +0,00 | N92: N/A | O92: N/A | Q92: N/A | R92: N/A | T92: N/A | U92: N/A | V92: N/A | W92: N/A | Y92: Data não informada. | Z92: NÃO | AA92: 46199 | AB92: INVIÁVEL | AC92: INVIÁVEL | AD92: INVIÁVEL | AE92: INVIÁVEL | AF92: INVIÁVEL | AG92: INVIÁVEL | AH92: INVIÁVEL | AI92: INVIÁVEL | AJ92: INVIÁVEL | AK92: FERROLENE IRÁ COMUNICAR A VW AS ALTERAÇÕES
A93: 28 - Redução consumo MTP aplicando tolerância mínima curva C | B93: SLZ0160CM0105 | C93: Mean to-low Curva C | D93: EN10346DX52DZ100 | E93: 0.1375 | F93: 317.96017 | G93: JARINU | H93: S.U | J93: 1.6 | K93: ±0,04 | L93: -0,02 / +0,00 | N93: N/A | O93: N/A | Q93: N/A | R93: N/A | T93: N/A | U93: N/A | V93: N/A | W93: N/A | Y93: Data não informada. | Z93: SIM | AA93: 46199 | AB93: INVIÁVEL | AC93: INVIÁVEL | AD93: INVIÁVEL | AE93: INVIÁVEL | AF93: INVIÁVEL | AG93: INVIÁVEL | AH93: INVIÁVEL | AI93: INVIÁVEL | AJ93: INVIÁVEL
A94: 28 - Redução consumo MTP aplicando tolerância mínima curva C | B94: SLZ0070QH0060 | C94: Mean to-low Curva C | D94: VW50065CR4GI40/40-U-O | E94: 0.147744 | F94: 281.14017 | G94: JARINU | H94: S.U | J94: 0.7 | K94: ±0,04 | L94: -0,02 / +0,00 | N94: N/A | O94: N/A | Q94: N/A | R94: N/A | T94: N/A | U94: N/A | V94: N/A | W94: N/A | Y94: Data não informada. | Z94: SIM | AA94: 46199 | AB94: INVIÁVEL | AC94: INVIÁVEL | AD94: INVIÁVEL | AE94: INVIÁVEL | AF94: INVIÁVEL | AG94: INVIÁVEL | AH94: INVIÁVEL | AI94: INVIÁVEL | AJ94: INVIÁVEL
A95: 23 - Redução do peso bruto VW000581Z / VW000582Z | B95: CHZ0180GZ05270841 | D95: EN10292 HX300YD Z100 | E95: 36.24 | F95: 128107.04 | G95: DIADEMA | H95: S.U | J95: 1.8 | K95: -0,14 / +0,14 | L95: N/A | N95: N/A | O95: N/A | Q95: N/A | R95: N/A | T95: 840 | U95: 820 | V95: 527 X 396 | W95: N/A | Y95: 46078 | Z95: SIM | AA95: 46093 | AB95: 46237 | AC95: 46204 | AD95: VIÁVEL | AE95: 46219 | AF95: 46219 | AG95: 46269 | AH95: 46279 | AI95: VERIFICAR PROGRAMAÇÃO | AJ95: USINA - EM PRODUÇÃO
A96: 06 - Redução consumo MTP aplicando tolerância mínima | B96: BDZ0070TD16000675 | D96: BDZ VW50065 CR240LA GI4040 0,70X1600X675 | E96: 59.36 | F96: 0 | G96: JARINU | H96: GONVARRI | J96: N/A | K96: N/A | L96: N/A | N96: N/A | O96: N/A | Q96: N/A | R96: N/A | T96: N/A | U96: N/A | V96: N/A | W96: N/A | Y96: Data não informada. | Z96: SIM | AA96: N/A | AB96: N/A | AC96: N/A | AD96: INVIÁVEL | AE96: N/A | AF96: N/A | AG96: N/A | AH96: N/A | AI96: N/A | AJ96: INVIÁVEL | AK96: Proposta cancela por Jarinu (Produto apresenta rompimento)
A97: 06 - Redução consumo MTP aplicando tolerância mínima | B97: CHZ0100QD10500755 BOQ0100QD1050 | D97: VW50065 CR210IF GI40/40 1,00X1050X755MM | E97: 43.23 | F97: 0 | G97: JARINU | H97: GONVARRI FERROLENE | J97: N/A | K97: N/A | L97: N/A | N97: N/A | O97: N/A | Q97: N/A | R97: N/A | T97: N/A | U97: N/A | V97: N/A | W97: N/A | Y97: Data não informada. | Z97: SIM | AA97: N/A | AB97: N/A | AC97: N/A | AD97: INVIÁVEL | AE97: N/A | AF97: N/A | AG97: N/A | AH97: N/A | AI97: N/A | AJ97: INVIÁVEL | AK97: Proposta cancela por Jarinu (Produto Saveiro)
B98: CHZ0060TD05000500 | D98: CHZ VW50065 CR240LA-GI40/40 0,60X500X490 | E98: 18.9 | G98: SÃO LEPOLDO | H98: S.U | J98: N/A | K98: N/A | L98: N/A | N98: N/A | O98: N/A | Q98: N/A | R98: N/A | T98: 500 | U98: 470 | V98: 500 | W98: 475 | Y98: Data não informada. | Z98: SIM | AA98: 46199 | AB98: 46237 | AC98: 46237 | AD98: VIÁVEL COM RESTRIÇÕES | AE98: PENDENTE | AJ98: ENGENHARIA - PLANO DE CORTE
B99: CHF0100TF03250720 | D99: CHF VW50065 CR240LA UC-U-O 1,00X325X720 | E99: 11.18 | G99: SÃO LEPOLDO | H99: S.U | J99: N/A | K99: N/A | L99: N/A | N99: N/A | O99: N/A | Q99: N/A | R99: N/A | T99: 325 | U99: 308 | V99: 720 | W99: 688 | Y99: Data não informada. | Z99: SIM | AA99: 46199 | AB99: 46237 | AC99: 46237 | AD99: VIÁVEL COM RESTRIÇÕES | AE99: PENDENTE | AJ99: ENGENHARIA - PLANO DE CORTE
B100: CHZ0120VS03000470 | D100: CHZ VW50065-CR300LA-GI40/40 1,20X300X470 | E100: 8 | G100: SÃO LEPOLDO | H100: S.U | J100: N/A | K100: N/A | L100: N/A | N100: N/A | O100: N/A | Q100: N/A | R100: N/A | T100: 300 | U100: 285 | V100: 470 | W100: 450 | Y100: Data não informada. | Z100: SIM | AA100: 46199 | AB100: 46237 | AC100: 46237 | AD100: VIÁVEL COM RESTRIÇÕES | AE100: PENDENTE | AJ100: ENGENHARIA - PLANO DE CORTE
...

Sheet Formulas
A1: Unidades | B1: Q. Bobinas | C1: Peso medio total | D1: Peso análisado | E1: Análises Concluidas (P) | F1: Ganho Financeiro | H1: Ganho Validado
A2: Ferraz | B2: =COUNTIF(Controle!$R$4:$R$711,A2) -> 219 | C2: =SUMIF(Controle!$R$4:$R$711,Formulas!A2,Controle!$Y$4:$Y$711) -> 1977.85 | D2: =SUMIF(Controle!R:R,Formulas!A2,Controle!AH:AH) -> 1672.9061 | E2: =D2/C2 -> 0.84582051 | F2: =SUMIF(Controle!$R:$R,Formulas!A2,Controle!$AK:$AK) -> 94585.794 | H2: =SUMIFS(Controle!$AK:$AK,Controle!$AO:$AO,"Sim",Controle!$R:$R,Formulas!A2) -> 76538.634
A3: Diadema | B3: =COUNTIF(Controle!$R$4:$R$711,A3) -> 271 | C3: =SUMIF(Controle!$R$4:$R$711,Formulas!A3,Controle!$Y$4:$Y$711) -> 1317.7913 | D3: =SUMIF(Controle!R:R,Formulas!A3,Controle!AH:AH) -> 1207.836 | E3: =D3/C3 -> 0.91656094 | F3: =SUMIF(Controle!$R:$R,Formulas!A3,Controle!$AK:$AK) -> 312341.39 | H3: =SUMIFS(Controle!$AK:$AK,Controle!$AO:$AO,"Sim",Controle!$R:$R,Formulas!A3) -> 281102.24
A4: Jarinu | B4: =COUNTIF(Controle!$R$4:$R$711,A4) -> 92 | C4: =SUMIF(Controle!$R$4:$R$711,Formulas!A4,Controle!$Y$4:$Y$711) -> 1118.2559 | D4: =SUMIF(Controle!R:R,Formulas!A4,Controle!AH:AH) -> 1118.2559 | E4: =D4/C4 -> 1 | F4: =SUMIF(Controle!$R:$R,Formulas!A4,Controle!$AK:$AK) -> 136436.72 | H4: =SUMIFS(Controle!$AK:$AK,Controle!$AO:$AO,"Sim",Controle!$R:$R,Formulas!A4) -> 108718.68
A5: Sul | B5: =COUNTIF(Controle!$R$4:$R$711,A5) -> 123 | C5: =SUMIF(Controle!$R$4:$R$711,Formulas!A5,Controle!$Y$4:$Y$711) -> 126.36337 | D5: =SUMIF(Controle!R:R,Formulas!A5,Controle!AH:AH) -> 79.376605 | E5: =D5/C5 -> 0.62816151 | F5: =SUMIF(Controle!$R:$R,Formulas!A5,Controle!$AK:$AK) -> 12517.416 | H5: =SUMIFS(Controle!$AK:$AK,Controle!$AO:$AO,"Sim",Controle!$R:$R,Formulas!A5) -> 1333.3333
A6: Total | B6: =SUM(B2:B5) -> 705 | C6: =SUM(C2:C5) -> 4540.2606 | D6: =SUM(D2:D5) -> 4078.3746 | E6: =D6/C6 -> 0.89826885 | F6: =SUM(F2:F5) -> 555881.32 | H6: =SUM(H2:H5) -> 467692.88
A9: Usinas | B9: Q. bobinas | C9: Peso por Usina | D9: Representação Percentual | E9: Ganho por usina
A10: Usiminas | B10: =COUNTIF(Controle!L:L,Formulas!A11) -> 49 | C10: =SUMIF(Controle!L:L,Formulas!A11,Controle!Y:Y) -> 785.47103 | D10: =C10/SUM($C$10:$C$41) -> 0.16621137 | E10: =SUMIF(Controle!$L:$L,A10,Controle!$AK:$AK) -> 190703.87
A11: Usiminas/SU | B11: =COUNTIF(Controle!L:L,Formulas!A13) -> 19 | C11: =SUMIF(Controle!L:L,Formulas!A13,Controle!Y:Y) -> 549.75397 | D11: =C11/SUM($C$10:$C$41) -> 0.11633193 | E11: =SUMIF(Controle!$L:$L,A11,Controle!$AK:$AK) -> 101921.69
A12: Gerdau/Usiminas | B12: =COUNTIF(Controle!L:L,Formulas!A10) -> 116 | C12: =SUMIF(Controle!L:L,Formulas!A10,Controle!Y:Y) -> 1495.2929 | D12: =C12/SUM($C$10:$C$41) -> 0.31641484 | E12: =SUMIF(Controle!$L:$L,A12,Controle!$AK:$AK) -> 21095.15
A13: ARCELOR | B13: =COUNTIF(Controle!L:L,Formulas!A14) -> 49 | C13: =SUMIF(Controle!L:L,Formulas!A14,Controle!Y:Y) -> 428.05556 | D13: =C13/SUM($C$10:$C$41) -> 0.090579662 | E13: =SUMIF(Controle!$L:$L,A13,Controle!$AK:$AK) -> 136579.38
A14: SOLUÇÕES USIMINAS | B14: =COUNTIF(Controle!L:L,Formulas!A16) -> 5 | C14: =SUMIF(Controle!L:L,Formulas!A16,Controle!Y:Y) -> 158.08382 | D14: =C14/SUM($C$10:$C$41) -> 0.033451684 | E14: =SUMIF(Controle!$L:$L,A14,Controle!$AK:$AK) -> 34023.896
A15: VW - SU | B15: =COUNTIF(Controle!L:L,Formulas!A12) -> 3 | C15: =SUMIF(Controle!L:L,Formulas!A12,Controle!Y:Y) -> 591.89744 | D15: =C15/SUM($C$10:$C$41) -> 0.12524979 | E15: =SUMIF(Controle!$L:$L,A15,Controle!$AK:$AK) -> 18301.01
A16: FERROLENE | B16: =COUNTIF(Controle!L:L,Formulas!A17) -> 3 | C16: =SUMIF(Controle!L:L,Formulas!A17,Controle!Y:Y) -> 96.302504 | D16: =C16/SUM($C$10:$C$41) -> 0.020378309 | E16: =SUMIF(Controle!$L:$L,A16,Controle!$AK:$AK) -> 8786.4108
A17: AMG Araucaria | B17: =COUNTIF(Controle!L:L,Formulas!A15) -> 5 | C17: =SUMIF(Controle!L:L,Formulas!A15,Controle!Y:Y) -> 276.70172 | D17: =C17/SUM($C$10:$C$41) -> 0.058552093 | E17: =SUMIF(Controle!$L:$L,A17,Controle!$AK:$AK) -> 17038.237
A18: CSN | B18: =COUNTIF(Controle!L:L,Formulas!A19) -> 32 | C18: =SUMIF(Controle!L:L,Formulas!A18,Controle!Y:Y) -> 76.593213 | D18: =C18/SUM($C$10:$C$41) -> 0.01620768 | E18: =SUMIF(Controle!$L:$L,A18,Controle!$AK:$AK) -> 6889.2192
A19: GONVARRI | B19: =COUNTIF(Controle!L:L,Formulas!A23) -> 3 | C19: =SUMIF(Controle!L:L,Formulas!A23,Controle!Y:Y) -> 18.406886 | D19: =C19/SUM($C$10:$C$41) -> 0.0038950306 | E19: =SUMIF(Controle!$L:$L,A19,Controle!$AK:$AK) -> 11009.71
A20: AMG Hortolândia | B20: =COUNTIF(Controle!L:L,Formulas!A18) -> 9 | C20: =SUMIF(Controle!L:L,Formulas!A19,Controle!Y:Y) -> 60.163052 | D20: =C20/SUM($C$10:$C$41) -> 0.012730938 | E20: =SUMIF(Controle!$L:$L,A20,Controle!$AK:$AK) -> 0
A21: Setefer | B21: =COUNTIF(Controle!L:L,Formulas!A25) -> 1 | C21: =SUMIF(Controle!L:L,Formulas!A25,Controle!Y:Y) -> 13.171541 | D21: =C21/SUM($C$10:$C$41) -> 0.0027871937 | E21: =SUMIF(Controle!$L:$L,A21,Controle!$AK:$AK) -> 0
A22: DISTRIBUIÇÃO | B22: =COUNTIF(Controle!L:L,Formulas!A30) -> 5 | C22: =SUMIF(Controle!L:L,Formulas!A30,Controle!Y:Y) -> 7.72064 | D22: =C22/SUM($C$10:$C$41) -> 0.0016337435 | E22: =SUMIF(Controle!$L:$L,A22,Controle!$AK:$AK) -> 0
A23: USIMINAS / GONVARRI | B23: =COUNTIF(Controle!L:L,Formulas!A21) -> 27 | C23: =SUMIF(Controle!L:L,Formulas!A21,Controle!Y:Y) -> 28.77354 | D23: =C23/SUM($C$10:$C$41) -> 0.0060886899 | E23: =SUMIF(Controle!$L:$L,A23,Controle!$AK:$AK) -> 4586.75
A24: Delga Ferraz | B24: =COUNTIF(Controle!L:L,Formulas!A32) -> 4 | C24: =SUMIF(Controle!L:L,Formulas!A33,Controle!Y:Y) -> 5.1401696 | D24: =C24/SUM($C$10:$C$41) -> 0.0010876972 | E24: =SUMIF(Controle!$L:$L,A24,Controle!$AK:$AK) -> 0
A25: VW - GONVARRI | B25: =COUNTIF(Controle!L:L,Formulas!A20) -> 1 | C25: =SUMIF(Controle!L:L,Formulas!A20,Controle!Y:Y) -> 38.054016 | D25: =C25/SUM($C$10:$C$41) -> 0.0080525059 | E25: =SUMIF(Controle!$L:$L,A25,Controle!$AK:$AK) -> 0
A26: AMT | B26: =COUNTIF(Controle!L:L,Formulas!A22) -> 164 | C26: =SUMIF(Controle!L:L,Formulas!A22,Controle!Y:Y) -> 21.6295 | D26: =C26/SUM($C$10:$C$41) -> 0.0045769591 | E26: =SUMIF(Controle!$L:$L,A26,Controle!$AK:$AK) -> 0
A27: SETEFER / DISTRIBUIÇÃO | B27: =COUNTIF(Controle!L:L,Formulas!A27) -> 4 | C27: =SUMIF(Controle!L:L,Formulas!A27,Controle!Y:Y) -> 10.837535 | D27: =C27/SUM($C$10:$C$41) -> 0.002293301 | E27: =SUMIF(Controle!$L:$L,A27,Controle!$AK:$AK) -> 0
A28: MULTIAÇOS / DISTRIBUIÇÃO | B28: =COUNTIF(Controle!L:L,Formulas!A31) -> 3 | C28: =SUMIF(Controle!L:L,Formulas!A31,Controle!Y:Y) -> 6.8861032 | D28: =C28/SUM($C$10:$C$41) -> 0.0014571494 | E28: =SUMIF(Controle!$L:$L,A28,Controle!$AK:$AK) -> 1375.29
A29: CSN-GALVASUD | B29: =COUNTIF(Controle!L:L,Formulas!A24) -> 40 | C29: =SUMIF(Controle!L:L,Formulas!A24,Controle!Y:Y) -> 13.238028 | D29: =C29/SUM($C$10:$C$41) -> 0.0028012627 | E29: =SUMIF(Controle!$L:$L,A29,Controle!$AK:$AK) -> 0
A30: LEALFER / DISTRIBUIÇÃO | B30: =COUNTIF(Controle!L:L,Formulas!A26) -> 1 | C30: =SUMIF(Controle!L:L,Formulas!A26,Controle!Y:Y) -> 11.460181 | D30: =C30/SUM($C$10:$C$41) -> 0.0024250574 | E30: =SUMIF(Controle!$L:$L,A30,Controle!$AK:$AK) -> 0
A31: Multiaços | B31: =COUNTIF(Controle!L:L,Formulas!A29) -> 1 | C31: =SUMIF(Controle!L:L,Formulas!A29,Controle!Y:Y) -> 8.2603 | D31: =C31/SUM($C$10:$C$41) -> 0.0017479394 | E31: =SUMIF(Controle!$L:$L,A31,Controle!$AK:$AK) -> 0
A32: RESALE CNH | B32: =COUNTIF(Controle!L:L,Formulas!A28) -> 12 | C32: =SUMIF(Controle!L:L,Formulas!A28,Controle!Y:Y) -> 10.71685 | D32: =C32/SUM($C$10:$C$41) -> 0.0022677633 | E32: =SUMIF(Controle!$L:$L,A32,Controle!$AK:$AK) -> 0
A33: Mercado | B33: =COUNTIF(Controle!L:L,Formulas!A33) -> 95 | C33: =SUMIF(Controle!L:L,Formulas!A32,Controle!Y:Y) -> 6.8948536 | D33: =C33/SUM($C$10:$C$41) -> 0.001459001 | E33: =SUMIF(Controle!$L:$L,A33,Controle!$AK:$AK) -> 0
A34: PCP Steel | B34: =COUNTIF(Controle!L:L,Formulas!A34) -> 6 | C34: =SUMIF(Controle!L:L,Formulas!A35,Controle!Y:Y) -> 0 | D34: =C34/SUM($C$10:$C$41) -> 0 | E34: =SUMIF(Controle!$L:$L,A34,Controle!$AK:$AK) -> 0
A35: WOLVERINE TEKNO | B35: =COUNTIF(Controle!L:L,Formulas!A35) -> 0 | C35: =SUMIF(Controle!L:L,Formulas!A34,Controle!Y:Y) -> 4.0205312 | D35: =C35/SUM($C$10:$C$41) -> 0.00085077358 | E35: =SUMIF(Controle!$L:$L,A35,Controle!$AK:$AK) -> 0
A36: FERRAZ | B36: =COUNTIF(Controle!L:L,Formulas!A36) -> 7 | C36: =SUMIF(Controle!L:L,Formulas!A36,Controle!Y:Y) -> 1.1003416 | D36: =C36/SUM($C$10:$C$41) -> 0.00023284027 | E36: =SUMIF(Controle!$L:$L,A36,Controle!$AK:$AK) -> 238.71
A37: lealfer | B37: =COUNTIF(Controle!L:L,Formulas!A38) -> 1 | C37: =SUMIF(Controle!L:L,Formulas!A40,Controle!Y:Y) -> 0 | D37: =C37/SUM($C$10:$C$41) -> 0 | E37: =SUMIF(Controle!$L:$L,A37,Controle!$AK:$AK) -> 0
A38: Delga Jarinu | B38: =COUNTIF(Controle!L:L,Formulas!A37) -> 2 | C38: =SUMIF(Controle!L:L,Formulas!A41,Controle!Y:Y) -> 0 | D38: =C38/SUM($C$10:$C$41) -> 0 | E38: =SUMIF(Controle!$L:$L,A38,Controle!$AK:$AK) -> 0
A39: Delga Diadema | B39: =COUNTIF(Controle!L:L,Formulas!A39) -> 5 | C39: =SUMIF(Controle!L:L,Formulas!A39,Controle!Y:Y) -> 0.096941777 | D39: =C39/SUM($C$10:$C$41) -> 2.0513584e-05 | E39: =SUMIF(Controle!$L:$L,A39,Controle!$AK:$AK) -> 0
B40: =COUNTIF(Controle!L:L,Formulas!A41) -> 19 | C40: =SUMIF(Controle!L:L,Formulas!A37,Controle!Y:Y) -> 0.649597 | D40: =C40/SUM($C$10:$C$41) -> 0.00013745944 | E40: =SUMIF(Controle!$L:$L,A40,Controle!$AK:$AK) -> 0
A41: 0 | B41: =COUNTIF(Controle!L:L,Formulas!A43) -> 19 | C41: =SUMIF(Controle!L:L,Formulas!A38,Controle!Y:Y) -> 0.3630488 | D41: =C41/SUM($C$10:$C$41) -> 7.6823761e-05 | E41: =SUMIF(Controle!$L:$L,A41,Controle!$AK:$AK) -> 0
A42: Total | B42: =SUM(B10:B41) -> 710 | C42: =SUM(C10:C41) -> 4725.7359 | D42: =SUM(D10:D41) -> 1 | E42: =SUM(E10:E41) -> 552549.32
